path,section,title,words,bytes,sha256
00-START-HERE/COMPLETION-DEFINITION.md,00-START-HERE,GTOS Completion Definition,238,1879,46f079b33f1974f1fac8039d84fa0e8d701bdd2e1a189a86d76e95c119df4531
00-START-HERE/PUBLICATION-STATEMENT.md,00-START-HERE,Publication Statement,198,1540,c5ab8964d363488ee6c1af4bea31dd49a3dba344d1053d4151f5c932318ee567
00-START-HERE/READING-GUIDE.md,00-START-HERE,Reading Guide,178,1486,2b84307394c6ab84d17cf0bfafe0f715114d3d8b99e07f6c3b58c159abb55455
00-START-HERE/README.md,00-START-HERE,GTOS Enterprise Engineering Handbook,190,1489,55294246cebcb6aae162479fc36bbf3d4d8d0f01a0b778cec7eef45126f79ad0
00-START-HERE/RELEASE-NOTES.md,00-START-HERE,Release Notes - Final Edition 1.0,111,934,1f31403dc8b8915e4ce51c68de9ac7dedfa02aa1411cd8c391a995142f665066
00-START-HERE/VERSION.md,00-START-HERE,Version,43,405,fe37e777bdced848ccea3d064784397ef892c7bb135acad305c5a3f12c8064de
01-NORMATIVE-CORE/00-SYSTEM-BLUEPRINT.md,01-NORMATIVE-CORE,GTOS System Blueprint,325,2886,9ba7158f46949e3051bfd049a9a520edfa7c4a89a68a452bb721333e2b1bf1a7
01-NORMATIVE-CORE/01-ARCHITECTURAL-PRINCIPLES.md,01-NORMATIVE-CORE,Architectural Principles,269,2090,fc63c02a45fc610be0755209bd09e56d2bac47763bf7cf77e3653b54e60ddb55
01-NORMATIVE-CORE/02-TARGET-OPERATING-MODEL.md,01-NORMATIVE-CORE,Target Operating Model,206,1797,fa1a4c90e0bb505ced24345adaf10dd7659090dc0f6e23cc99fe54963b0cafd0
01-NORMATIVE-CORE/03-DOMAIN-MAP-AND-OWNERSHIP.md,01-NORMATIVE-CORE,Domain Map and Ownership,248,2188,df952d5088dbb2cd2f4605bde667f3008856937c0a61f02ca3d1fa964041e656
01-NORMATIVE-CORE/04-END-TO-END-GLOBAL-TRADE-LIFECYCLE.md,01-NORMATIVE-CORE,End-to-End Global Trade Lifecycle,251,1951,175de2600579f1df973ae4e742d13763f33e1cf5f8af3d2146af4a686b80888a
01-NORMATIVE-CORE/05-SERVICE-ARCHITECTURE.md,01-NORMATIVE-CORE,Service Architecture,209,1641,16a3bc2cc8c8d5f3262469ee07b337410be8c9438e8c104de932df7fde59b6ff
01-NORMATIVE-CORE/06-DATA-ARCHITECTURE.md,01-NORMATIVE-CORE,Data Architecture,195,1626,c1e936abf9a7bd8f88e9f7b4dc89299af24769673a515d8e55ee0fe9437c1e9f
01-NORMATIVE-CORE/07-API-EVENT-AND-TOOL-ARCHITECTURE.md,01-NORMATIVE-CORE,"API, Event, and Tool Architecture",168,1388,a5f18754f07708d839c0b7f45985e6a83d6d4dc2aaa7016c6ac45b183b4a15b2
01-NORMATIVE-CORE/08-WORKFLOW-SAGA-AND-RECOVERY-ARCHITECTURE.md,01-NORMATIVE-CORE,"Workflow, Saga, and Recovery Architecture",166,1318,ac09d0f47831fd1219245db0fc7c058e9becb31db8efa943503bf39e68039abc
01-NORMATIVE-CORE/09-AI-NATIVE-ARCHITECTURE.md,01-NORMATIVE-CORE,AI-Native Architecture,195,1638,0d86d2b4ca510cd0d8b6f9cf93ed30e8df70329007bd42cf555d8131184a9ef4
01-NORMATIVE-CORE/10-SECURITY-PRIVACY-AND-COMPLIANCE.md,01-NORMATIVE-CORE,"Security, Privacy, and Compliance",211,1783,64e62f3c1cc89de628a72a66c816b7f4ab1b1287869b8d55c07f2a7d3a0e194f
01-NORMATIVE-CORE/11-RELIABILITY-SRE-AND-OPERATIONS.md,01-NORMATIVE-CORE,"Reliability, SRE, and Operations",164,1462,8b502ffddb45a3c8f6c3ec55cfc2c4bdd8bce6969ed69b43320c912b093d8f3d
01-NORMATIVE-CORE/12-ENGINEERING-STANDARDS.md,01-NORMATIVE-CORE,Engineering Standards,147,1226,d3052eb99ce8ab75c06d7f327fb9e999bedf0cd7f11d121411289e74af102158
01-NORMATIVE-CORE/13-TESTING-AND-CONFORMANCE.md,01-NORMATIVE-CORE,Testing and Conformance,137,1186,b9ad2320f008a9f06ceefccbd997da3cbfc7d467b9b723d1de517c81317ae6d1
01-NORMATIVE-CORE/14-IMPLEMENTATION-ROADMAP.md,01-NORMATIVE-CORE,Implementation Roadmap,202,1705,d3260d3855e34f2692a4d56a307a3b05bf07b9128ee879391aa320ec3d86143e
01-NORMATIVE-CORE/15-DOMAIN-IMPLEMENTATION-TEMPLATE.md,01-NORMATIVE-CORE,Domain Implementation Template,154,1224,ad361f4ccc347d8dc22611407bcfc88a195a9f17dcef17e73e5becdbe825e67b
01-NORMATIVE-CORE/16-PRODUCTION-READINESS-STANDARD.md,01-NORMATIVE-CORE,Production Readiness Standard,131,1007,f71cc3810f10200cef8f28727fd2802c01fc8409d5b72ad3d6c048c0adabd34e
02-FOUNDATIONS/00-REFERENCE-THEORY/causality-and-correction.md,02-FOUNDATIONS,"Causality, Contradiction, and Correction",119,1019,20a2e3a35a26cc48ad85d91a6434d918b19b8c2f75d3ca4ce678f54e3d705d33
02-FOUNDATIONS/00-REFERENCE-THEORY/deontic-model.md,02-FOUNDATIONS,Deontic and Authority Model,145,1082,c0c618af865c20692a0b8dacfa9dba52c6fec39f3dd1e2abb7d9002212310958
02-FOUNDATIONS/00-REFERENCE-THEORY/epistemology.md,02-FOUNDATIONS,Epistemology of Trade,191,1412,8c3b851b7f0d2aebaa2072231207989aaeb530086e2a330f0549e76b5c7f146f
02-FOUNDATIONS/00-REFERENCE-THEORY/index.md,02-FOUNDATIONS,GTOS Reference Theory,92,768,807c7d0f08523313283fc097d837d46fd4514bbcf4ef094181665bbddf68e9e4
02-FOUNDATIONS/00-REFERENCE-THEORY/meta-model.md,02-FOUNDATIONS,GTOS Meta-Model,200,1852,22813aff61f26479ab2c75efce10a4d0bb525970d3959373f36ddbccbe3dbbeb
02-FOUNDATIONS/00-REFERENCE-THEORY/ontology.md,02-FOUNDATIONS,Ontology of Trade,223,1721,0b2b4220d2a0e4915d2595243c6a43ad34d29c7abf08b23f316100c1e2ad78a9
02-FOUNDATIONS/00-REFERENCE-THEORY/uncertainty.md,02-FOUNDATIONS,Uncertainty Model,89,728,5c786c37feb0706952588a18be9b9c6eea540e71a6553733d5ab7d9bb797b8b1
02-FOUNDATIONS/01-CANON/epistemology/canon-009.md,02-FOUNDATIONS,CANON-009 — Knowledge Is Not Reality,862,7253,da32c5b7caf4a4d07e950bfbd64c8816ddfae01b9e0efcf3c8bca9e3b9f4b127
02-FOUNDATIONS/01-CANON/epistemology/canon-010.md,02-FOUNDATIONS,CANON-010 — Decisions Transform Knowledge into Commitment,839,7122,b44d7eac596e505ccc1d1696a1439395e7bcc0d7c1fb95a516401fd0391233b6
02-FOUNDATIONS/01-CANON/epistemology/canon-011.md,02-FOUNDATIONS,CANON-011 — Intent Precedes Execution,847,7166,a66f984b7b9870ddafad16b16dd2c9c37a4ae9b66a1e9e8d67eb4869983d3d88
02-FOUNDATIONS/01-CANON/foundation/canon-001.md,02-FOUNDATIONS,CANON-001 — Reality Precedes Representation,886,7371,66c6c65c7eacc3ece7204f17c263f68b94fd4714d96e7fdc5a0c78f50b4da219
02-FOUNDATIONS/01-CANON/foundation/canon-002.md,02-FOUNDATIONS,CANON-002 — Truth Is Singular; Perspectives Are Plural,854,7300,9d5120b15f5b4bc0e464be296bd7f159a80bfeff8dc9a7e4ec6a35645a4a7670
02-FOUNDATIONS/01-CANON/index.md,02-FOUNDATIONS,Volume 00 — The GTOS Canon,119,1037,0fce7c1d7cd9962418001c6a382ffccd5a455ed4ab7059725ae63c804743273a
02-FOUNDATIONS/01-CANON/ontology/canon-003.md,02-FOUNDATIONS,CANON-003 — Identity Precedes Relationship,839,7144,854a63e75dde8b1eb0e97f768301538621298789d472d6f8050b6cf4ab307655
02-FOUNDATIONS/01-CANON/ontology/canon-004.md,02-FOUNDATIONS,CANON-004 — Time Is a First-Class Business Dimension,856,7221,a62682cdbf87acee225ca12b6d56ad638cc76f762e4b300fe119b0c477bb9f4d
02-FOUNDATIONS/01-CANON/ontology/canon-005.md,02-FOUNDATIONS,CANON-005 — State Is the Observable Condition of Reality,880,7283,0e0de68c782c30600b528167bb13a6ebce39c67bc5e3be4a74e3a40e1dc4b279
02-FOUNDATIONS/01-CANON/ontology/canon-006.md,02-FOUNDATIONS,CANON-006 — Relationships Are Independent Business Facts,847,7236,2cad116c06d242570e3808cba275b360a96c4a5b339617f33def09d1c62b1b2f
02-FOUNDATIONS/01-CANON/ontology/canon-007.md,02-FOUNDATIONS,CANON-007 — Events Describe State Transitions,851,7099,0cf8201166f92f3ca797b2bc0f4136f6b28948ea01bab31713cc8252a73bccb6
02-FOUNDATIONS/01-CANON/ontology/canon-008.md,02-FOUNDATIONS,CANON-008 — History Preserves Truth,841,7084,01437552bd42e25e432e41f80691eae7b4910cfea156647507e7d7b368d830d4
02-FOUNDATIONS/02-CONSTITUTION/amendment-process.md,02-FOUNDATIONS,Constitutional Amendment Process,102,773,ce4bfbb570e6dafdcb451e248a984a4199358b0c30bfcf8312d4853e1050845d
02-FOUNDATIONS/02-CONSTITUTION/article-01-supremacy-and-scope.md,02-FOUNDATIONS,Article 01 — Supremacy and Scope,154,1269,aec767387cc5020df4dcdc34a9159a092860b0131bcde3bf7440dd2f7d4867fc
02-FOUNDATIONS/02-CONSTITUTION/article-02-truth-ownership.md,02-FOUNDATIONS,Article 02 — Truth Ownership,143,1196,430b5efda442c46a8388f9a31989a1092b7af43affc11ba17bea4169196e5cee
02-FOUNDATIONS/02-CONSTITUTION/article-03-identity-and-authority.md,02-FOUNDATIONS,Article 03 — Identity and Authority,142,1196,b490b2694f0a41709bc10bae0d606ac3decdd92c05dfe5e94de0a9975be04938
02-FOUNDATIONS/02-CONSTITUTION/article-04-decision-governance.md,02-FOUNDATIONS,Article 04 — Decision Governance,146,1218,b2941328667ada9ca0bf3550003dfe9bbc7a7c3fb639ce7d8be54ac7a6e97bc4
02-FOUNDATIONS/02-CONSTITUTION/article-05-historical-integrity.md,02-FOUNDATIONS,Article 05 — Historical Integrity,141,1183,9bcd70de50ecdbffd7e73e6d5e352eaeb4bd54e01f03b4114cd9a4d0390318f3
02-FOUNDATIONS/02-CONSTITUTION/article-06-interoperability.md,02-FOUNDATIONS,Article 06 — Interoperability,144,1219,3c2a304932f01d37c161219e789dfe87b6aa9b6f5a82b522c83c2c00a3904bf3
02-FOUNDATIONS/02-CONSTITUTION/article-07-ai-accountability.md,02-FOUNDATIONS,Article 07 — AI Accountability,142,1173,666d46f5efcd6c11b6d696be56ca242aee31f2edc2a6790a829bb73292255b3f
02-FOUNDATIONS/02-CONSTITUTION/article-08-security-and-privacy.md,02-FOUNDATIONS,Article 08 — Security and Privacy,139,1184,5ac77cb5da807fd13bd49d56e509b63092d84c2e64e533695116a0276a890ffa
02-FOUNDATIONS/02-CONSTITUTION/article-09-conformance-and-exceptions.md,02-FOUNDATIONS,Article 09 — Conformance and Exceptions,141,1189,f81bf93ef9e08729cea48e1ae2e0d43c18c3330e9016490b78fd2e563b215f14
02-FOUNDATIONS/02-CONSTITUTION/article-10-evolution-and-amendment.md,02-FOUNDATIONS,Article 10 — Evolution and Amendment,136,1156,288a10e18b5135dbbc83a0983c98fb7a1fd7581b65db2cb8ee1f49fe189a9964
02-FOUNDATIONS/02-CONSTITUTION/index.md,02-FOUNDATIONS,Volume 01 — GTOS Constitution,61,528,e2e0a452cf1cad8d4225ba26a73acd4777bd3bea13b95323ab3b82cb0246fe7f
02-FOUNDATIONS/03-VISION-AND-TARGET-OPERATING-MODEL/index.md,02-FOUNDATIONS,Volume 02 — Vision,98,894,1e5284468c3ed207ec549cace2dcb659162f0675d2ece6ded8fe7130a7879c66
02-FOUNDATIONS/03-VISION-AND-TARGET-OPERATING-MODEL/principles.md,02-FOUNDATIONS,Strategic Principles,73,565,002b79ecaa6dcde9f39621a21f2a4b1a1583b985239cbb303f87fff3910c2256
02-FOUNDATIONS/03-VISION-AND-TARGET-OPERATING-MODEL/target-operating-model.md,02-FOUNDATIONS,Target Operating Model,86,742,61335c885dcf15eff1d67ba7ea8d20612e130169ce7a5d5488fd6b6f121833ae
02-FOUNDATIONS/04-BUSINESS-OPERATING-MODEL/accountability.md,02-FOUNDATIONS,Accountability and Decision Rights,56,498,76437275789e7a4d49ef5764386c711d375f5acafd36bff16a99a6167c036640
02-FOUNDATIONS/04-BUSINESS-OPERATING-MODEL/capabilities/01-party-and-identity.md,02-FOUNDATIONS,Capability 01 — Party and Identity,93,872,2f86c29ecaee17f81702e223b60b6af7d8811ce4334a4be1f7d923a464ca698b
02-FOUNDATIONS/04-BUSINESS-OPERATING-MODEL/capabilities/02-product-and-classification.md,02-FOUNDATIONS,Capability 02 — Product and Classification,92,890,9925e7135fdfaaf9884a6d20ef44927645c432c7907a1270a1b4c06dd4da50c6
02-FOUNDATIONS/04-BUSINESS-OPERATING-MODEL/capabilities/03-commercial-agreement.md,02-FOUNDATIONS,Capability 03 — Commercial Agreement,88,826,e96a85ee7a20c9b40cd9504d3eee8bef77f505b4c25e75f74ee03ef7b2a2fe3c
02-FOUNDATIONS/04-BUSINESS-OPERATING-MODEL/capabilities/04-order-and-fulfilment.md,02-FOUNDATIONS,Capability 04 — Order and Fulfilment,87,803,c1492eb45bdd94d8734b61a6de094e2a48ed7c135a7c614f506afb34e8e02c6c
02-FOUNDATIONS/04-BUSINESS-OPERATING-MODEL/capabilities/05-shipment-and-transport.md,02-FOUNDATIONS,Capability 05 — Shipment and Transport,89,818,04fbbf1d69f0f017b8ab01406c5cf93c50bd888a4ce7605de4818cc392a783d4
02-FOUNDATIONS/04-BUSINESS-OPERATING-MODEL/capabilities/06-trade-documentation.md,02-FOUNDATIONS,Capability 06 — Trade Documentation,86,799,7cbe3769f4f94d449fe276ee3b8b96454de1a7edd7a970e40fdbc6a415d7f5d4
02-FOUNDATIONS/04-BUSINESS-OPERATING-MODEL/capabilities/07-compliance-and-customs.md,02-FOUNDATIONS,Capability 07 — Compliance and Customs,86,816,8e7eeacb0eadf02e2eaba884844781296248fedf5bdc0aaca95fd2f4e8c80616
02-FOUNDATIONS/04-BUSINESS-OPERATING-MODEL/capabilities/08-finance-and-insurance.md,02-FOUNDATIONS,Capability 08 — Finance and Insurance,88,809,1c84b634281172bae24d5438700b161245aa65ac2f2e3d613cdd495d297136cc
02-FOUNDATIONS/04-BUSINESS-OPERATING-MODEL/capabilities/09-risk-and-exception.md,02-FOUNDATIONS,Capability 09 — Risk and Exception,89,797,bb07114cf3611c658f8a78430a2b522df779bcb72ebdbb67e1dfd638b89c55d0
02-FOUNDATIONS/04-BUSINESS-OPERATING-MODEL/capabilities/10-decision-intelligence.md,02-FOUNDATIONS,Capability 10 — Decision Intelligence,85,802,bc2634ad70a11b53f2c74ab29e3a116aaca2a62afcb79f1b7b141a4044ccb097
02-FOUNDATIONS/04-BUSINESS-OPERATING-MODEL/capabilities/11-audit-and-evidence.md,02-FOUNDATIONS,Capability 11 — Audit and Evidence,88,810,c774d91708392fcea960464a56b6f4c3f032fd94f78d1d44a2576dd29ed79281
02-FOUNDATIONS/04-BUSINESS-OPERATING-MODEL/index.md,02-FOUNDATIONS,Volume 03 — Business Architecture,51,445,34786fd3f65fb40d40494f3f1788d698fbbdd19ee3913d6c32fd88f8e99f7af7
02-FOUNDATIONS/04-BUSINESS-OPERATING-MODEL/value-streams.md,02-FOUNDATIONS,Value Streams,64,728,d892faef9e67357121f492590bcc8a15d0a491452783ed2280899e7017ccb241
02-FOUNDATIONS/05-EXECUTIVE-REFERENCE/business-case.md,02-FOUNDATIONS,Business Case and Value Model,267,2253,1467988b988a40946960ceed2f78e11cf4a726a511290fba7e2eb24d280d755a
02-FOUNDATIONS/05-EXECUTIVE-REFERENCE/index.md,02-FOUNDATIONS,Executive Architecture Brief,193,1612,5286285230ec450b2c6812a4ee3ca2aa7266864dda351492bc958ecea5e39bf4
02-FOUNDATIONS/05-EXECUTIVE-REFERENCE/risk-register.md,02-FOUNDATIONS,Executive Risk Register,181,1510,a7dd82f6292fbc88654e9591d1da9311a867903e45d22dab8fbd2eb6eddcd2f0
02-FOUNDATIONS/06-GLOSSARY/index.md,02-FOUNDATIONS,Glossary,241,1924,442108c8e93da8b95839a7bb2a9a3629e8730af63a186069d823068bcdad01d0
03-DETAILED-VOLUMES/FINAL-HANDBOOK-COMPLETION-AND-REVIEW-PROTOCOL.md,03-DETAILED-VOLUMES,Final Handbook Completion and Review Protocol,1993,18519,8d5ed05254ca79437e0bc68630f64dd4a5834ac0041255fecf586cf4256b73b3
03-DETAILED-VOLUMES/FINAL-TRACEABILITY-CHAIN.md,03-DETAILED-VOLUMES,Final Normative and Implementation Traceability Chain,1997,18527,ad8b3ee1e0616fa3e282ea0de88b7b5d337fc187b954326437d6494c1ca0c90a
03-DETAILED-VOLUMES/volume--02-repository-evidence-atlas/00-REPOSITORY-EVIDENCE-ATLAS-INTRODUCTION.md,03-DETAILED-VOLUMES,Repository Evidence Atlas Introduction,1984,18645,542f0b4d175c1d994ffe5ea3f09529ba6687573f4c8ab53cd5d8bfc5f4618975
03-DETAILED-VOLUMES/volume--02-repository-evidence-atlas/01-MONOREPO-TOPOLOGY-AND-ROOT-INVENTORY.md,03-DETAILED-VOLUMES,Monorepo Topology and Root Inventory,1982,18410,b8d93d8b426009173890ca479cdd9d7ab9e60417a5436b36c71ff1169dc70b45
03-DETAILED-VOLUMES/volume--02-repository-evidence-atlas/02-FRONTEND-APPLICATION-REGISTRY.md,03-DETAILED-VOLUMES,Frontend Application Registry,1982,18802,bbacbfc57c9ca77a5ac4886a0d5538ac188dc9055cf046d34d5c74978519a61d
03-DETAILED-VOLUMES/volume--02-repository-evidence-atlas/03-BACKEND-GRADLE-MODULE-REGISTRY.md,03-DETAILED-VOLUMES,Backend Gradle Module Registry,1982,18524,201204d66501b568c61d613465c6343c13a989ed75a837ed80769b3e87d80f44
03-DETAILED-VOLUMES/volume--02-repository-evidence-atlas/04-SHARED-PACKAGE-AND-LIBRARY-REGISTRY.md,03-DETAILED-VOLUMES,Shared Package and Library Registry,1986,18541,5cbf6159551f3072c2ea4c780ec3dbff4eb2d8e01bc597b77900f0286e8b8b39
03-DETAILED-VOLUMES/volume--02-repository-evidence-atlas/05-SERVICE-RUNTIME-AND-PORT-REGISTRY.md,03-DETAILED-VOLUMES,Service Runtime and Port Registry,1981,18565,83cc920d1b8205b33613f36401ce687a86148e542af78a0e5a9c34fba8fdcb8f
03-DETAILED-VOLUMES/volume--02-repository-evidence-atlas/06-DATABASE-SCHEMA-AND-MIGRATION-REGISTRY.md,03-DETAILED-VOLUMES,"Database, Schema, and Migration Registry",1985,18331,2782f193c65a55a5ba9f0b29b5a3df8037052b5bfac7ab824cb51e7f62695385
03-DETAILED-VOLUMES/volume--02-repository-evidence-atlas/07-API-AND-ROUTE-EVIDENCE-REGISTRY.md,03-DETAILED-VOLUMES,API and Route Evidence Registry,1983,18197,42c2fe3c747799ae18f426b24d32bbebef58636a3946c8fb3875b6c704f0dc04
03-DETAILED-VOLUMES/volume--02-repository-evidence-atlas/08-EVENT-TOPIC-AND-CONSUMER-REGISTRY.md,03-DETAILED-VOLUMES,"Event, Topic, and Consumer Registry",1980,18150,06b3712b849b540a2a0361cefdbadf887349b7c0fff5dcf5feea33d12e6c6e23
03-DETAILED-VOLUMES/volume--02-repository-evidence-atlas/09-WORKFLOW-AND-SCHEDULED-JOB-REGISTRY.md,03-DETAILED-VOLUMES,Workflow and Scheduled-Job Registry,1980,18290,44aa02a7a7ad5f27af49e6f1d264fba6932703e1a2a005978d8d020eb31161f8
03-DETAILED-VOLUMES/volume--02-repository-evidence-atlas/10-DEPLOYMENT-AND-INFRASTRUCTURE-REGISTRY.md,03-DETAILED-VOLUMES,Deployment and Infrastructure Registry,1980,18420,d428b29e7bc82f38549479756dfda556254fcc51a6fe3e57517c9a2da227f9b5
03-DETAILED-VOLUMES/volume--02-repository-evidence-atlas/11-AI-MODULE-AND-AGENT-REGISTRY.md,03-DETAILED-VOLUMES,AI Module and Agent Registry,1985,18321,4d28ca1431579b9b40051adda8065d238168d3b30907aaf84c47fdc54055e8d9
03-DETAILED-VOLUMES/volume--02-repository-evidence-atlas/12-PORTAL-ROUTE-AND-PAGE-REGISTRY.md,03-DETAILED-VOLUMES,Portal Route and Page Registry,1983,18436,7332a57c3b87d72b8364e9d941fe35e29ef3910d492d223d99310053cf28ed86
03-DETAILED-VOLUMES/volume--02-repository-evidence-atlas/13-TEST-AND-CONFORMANCE-EVIDENCE-REGISTRY.md,03-DETAILED-VOLUMES,Test and Conformance Evidence Registry,1981,18490,3d600171aeaa858480410e43b4c5a681a629be6699cd9738f7fc60e35911858e
03-DETAILED-VOLUMES/volume--02-repository-evidence-atlas/14-OBSERVABILITY-AND-OPERATIONAL-EVIDENCE-REGISTRY.md,03-DETAILED-VOLUMES,Observability and Operational Evidence Registry,1980,18782,421ce12b2e310ade13c6438c42c106b39fe6fdee03d124b3770fcfaa75c8a893
03-DETAILED-VOLUMES/volume--02-repository-evidence-atlas/15-LEGACY-COMPATIBILITY-AND-RETIREMENT-REGISTRY.md,03-DETAILED-VOLUMES,"Legacy, Compatibility, and Retirement Registry",1982,18241,64b2c2f8f06f64b01529f28303391769579f4246d17002089ebd9067945372e3
03-DETAILED-VOLUMES/volume--02-repository-evidence-atlas/16-CONTRADICTION-AND-RECONCILIATION-REGISTER.md,03-DETAILED-VOLUMES,Contradiction and Reconciliation Register,1982,18534,5f4f7311a60950a32c4f7be531dee32c9b90c44b5346e6b8d1777515065b5bf3
03-DETAILED-VOLUMES/volume--02-repository-evidence-atlas/17-REPOSITORY-EVIDENCE-CLASSIFICATION-STANDARD.md,03-DETAILED-VOLUMES,Repository Evidence Classification Standard,1981,18578,8777d862495e9b4c7a5845fb6f3146d314cc5b968e7c18d90881611053d3ffd6
03-DETAILED-VOLUMES/volume--02-repository-evidence-atlas/18-COMPONENT-OWNERSHIP-AND-RACI-MATRIX.md,03-DETAILED-VOLUMES,Component Ownership and RACI Matrix,1982,18677,f64c128cd4a84341355ce476ab3fa1140557a51f664efc8ea39e97163d5b52b1
03-DETAILED-VOLUMES/volume--02-repository-evidence-atlas/19-REPOSITORY-SOURCE-INDEX-AND-TRACEABILITY.md,03-DETAILED-VOLUMES,Repository Source Index and Traceability,1986,18579,ff479129f7dde62323fdae80df24730bb71fecabe6a4b586d66d16f0ff46381d
03-DETAILED-VOLUMES/volume-03-end-to-end-global-trade-lifecycle/10-PUBLICATION-10-CANONICAL-STAGE-09-PROFORMA-INVOICE-LIFECYCLE.md,03-DETAILED-VOLUMES,Publication Chapter 10 — Proforma Invoice Lifecycle,2988,26513,77130b9e4b3d6e5efedaa755aa1a7565a8da2179478b63fd608b67058a66d8c6
03-DETAILED-VOLUMES/volume-03-end-to-end-global-trade-lifecycle/11-PUBLICATION-11-CANONICAL-STAGE-10-PAYMENT-AND-RISK-APPROVAL.md,03-DETAILED-VOLUMES,Publication Chapter 11 — Payment and Risk Approval,2960,26334,8f2c02948a9d33be06d78c13ddaceada8f290749c90f489a5a6fe3f32087a8a4
03-DETAILED-VOLUMES/volume-03-end-to-end-global-trade-lifecycle/12-PUBLICATION-12-CANONICAL-STAGE-11-PURCHASE-ORDER-CREATION-AND-ACKNOWLEDGEMENT.md,03-DETAILED-VOLUMES,Publication Chapter 12 — Purchase Order Creation and Acknowledgement,2943,26257,fecb7cc272c4602fecaebae47c02586f07a1689e015ccb2da27ddf27d2c32c51
03-DETAILED-VOLUMES/volume-03-end-to-end-global-trade-lifecycle/13-PUBLICATION-13-CANONICAL-STAGE-12-PRODUCTION-PLANNING-AND-CAPACITY-COMMITMENT.md,03-DETAILED-VOLUMES,Publication Chapter 13 — Production Planning and Capacity Commitment,2918,26058,a78dc020e3a6f73c5fc9fe1c5d7d7bec4872ebc208e6688566ce8b11184eb079
03-DETAILED-VOLUMES/volume-03-end-to-end-global-trade-lifecycle/14-PUBLICATION-14-CANONICAL-STAGE-13-PRODUCTION-EXECUTION-AND-MILESTONE-OBSERVATION.md,03-DETAILED-VOLUMES,Publication Chapter 14 — Production Execution and Milestone Observation,2880,25645,41ef62ab017f5cd2287b7130384b884620bc712766bdf220214363abe847bba8
03-DETAILED-VOLUMES/volume-03-end-to-end-global-trade-lifecycle/15-PUBLICATION-15-CANONICAL-STAGE-14-QUALITY-INSPECTION-NONCONFORMANCE-AND-RELEASE.md,03-DETAILED-VOLUMES,"Publication Chapter 15 — Quality Inspection, Nonconformance, and Release",2968,26414,9212b93272d31388902cbf6b73260beb5f0c988ae0238eee863bdf0f02314284
03-DETAILED-VOLUMES/volume-03-end-to-end-global-trade-lifecycle/16-PUBLICATION-16-CANONICAL-STAGE-15-PACKING-LIST-AND-COMMERCIAL-INVOICE.md,03-DETAILED-VOLUMES,Publication Chapter 16 — Packing List and Commercial Invoice,2858,25273,dfb902d4794d0b7cefb7d19d1cd44fa652c73611302c2dbfd99953e4489fc25a
03-DETAILED-VOLUMES/volume-03-end-to-end-global-trade-lifecycle/17-PUBLICATION-17-CANONICAL-STAGE-16-EXPORT-CUSTOMS-AND-LEGAL-RELEASE.md,03-DETAILED-VOLUMES,Publication Chapter 17 — Export Customs and Legal Release,2923,26044,60c5bded99dc34af1e48a8352f84aec763406c761075a5101f71c485cbbf7a62
03-DETAILED-VOLUMES/volume-03-end-to-end-global-trade-lifecycle/18-PUBLICATION-18-CANONICAL-STAGE-17-TRANSPORT-PLANNING-BOOKING-AND-CAPACITY.md,03-DETAILED-VOLUMES,"Publication Chapter 18 — Transport Planning, Booking, and Capacity",2889,25815,f84bd547ca93cddab2f5196e43dbc2b4546c60b9a637835ee72dd5f7090f8538
03-DETAILED-VOLUMES/volume-03-end-to-end-global-trade-lifecycle/19-PUBLICATION-19-CANONICAL-STAGE-18-PICKUP-CUSTODY-AND-HANDOVER.md,03-DETAILED-VOLUMES,"Publication Chapter 19 — Pickup, Custody Transfer, and Handover",2890,25427,b1e726918d10115be7f6daf7901fca0fe9a0e805ebfad06b3e90534104df7eea
03-DETAILED-VOLUMES/volume-03-end-to-end-global-trade-lifecycle/20-PUBLICATION-20-CANONICAL-STAGE-19-INTERNATIONAL-TRANSPORT-TRACKING-AND-EXCEPTIONS.md,03-DETAILED-VOLUMES,"Publication Chapter 20 — International Transport, Tracking, and Exceptions",2943,26204,3fb62db5b22eaf8572af08ca8535feb6c66cee30517b6f04565e45882b70e19f
03-DETAILED-VOLUMES/volume-03-end-to-end-global-trade-lifecycle/21-PUBLICATION-21-CANONICAL-STAGE-20-IMPORT-CUSTOMS-DUTIES-AND-LEGAL-RELEASE.md,03-DETAILED-VOLUMES,"Publication Chapter 21 — Import Customs, Duties, and Legal Release",2916,26020,4db729731b6dc53d98e474d14da4e9618082b09cadae0da87e94f95b243b618c
03-DETAILED-VOLUMES/volume-03-end-to-end-global-trade-lifecycle/22-PUBLICATION-22-CANONICAL-STAGE-21-DELIVERY-AND-WAREHOUSE-RECEIVING.md,03-DETAILED-VOLUMES,Publication Chapter 22 — Delivery and Warehouse Receiving,2913,25870,b853e416d4f251444acf139fdcc0faf24ed87f95305ae6afdf17745d4d95eea6
03-DETAILED-VOLUMES/volume-03-end-to-end-global-trade-lifecycle/23-PUBLICATION-23-CANONICAL-STAGE-22-INVENTORY-SYNCHRONIZATION-RESERVATION-AND-AVAILABILITY.md,03-DETAILED-VOLUMES,"Publication Chapter 23 — Inventory Synchronization, Reservation, and Availability",2910,25964,ebdcafb5fad0d5e1e451884f4df07a37bf409f278f5dbce74bd53b6f66c2166f
03-DETAILED-VOLUMES/volume-03-end-to-end-global-trade-lifecycle/24-PUBLICATION-24-CANONICAL-STAGE-23-PRODUCT-PUBLICATION-MARKETPLACE-AND-CHANNEL-ELIGIBILITY.md,03-DETAILED-VOLUMES,"Publication Chapter 24 — Product Publication, Marketplace, and Channel Eligibility",2887,25657,3c6736fc4abaa117fcf6748dc78776ad4ef8bd1dc5417c1c2c286ef8733a96e8
03-DETAILED-VOLUMES/volume-03-end-to-end-global-trade-lifecycle/25-PUBLICATION-25-CANONICAL-STAGE-24-CHECKOUT-CUSTOMER-ORDER-AND-COMMITMENT.md,03-DETAILED-VOLUMES,"Publication Chapter 25 — Checkout, Customer Order, and Commitment",2860,25306,b770cea88130d841fff94d06f382eace9e0939115f607ee86e2eaeeba7a03f26
03-DETAILED-VOLUMES/volume-03-end-to-end-global-trade-lifecycle/26-PUBLICATION-26-CANONICAL-STAGE-25-ALLOCATION-FULFILMENT-AND-LAST-MILE-DELIVERY.md,03-DETAILED-VOLUMES,"Publication Chapter 26 — Allocation, Fulfilment, and Last-Mile Delivery",2913,25971,cef67340a7ac51f3181add463e707fbfc7be14ae20a5ef2908b7c0470814d445
03-DETAILED-VOLUMES/volume-03-end-to-end-global-trade-lifecycle/27-PUBLICATION-27-CANONICAL-STAGE-26-RETURNS-CLAIMS-REFUNDS-AND-DISPUTES.md,03-DETAILED-VOLUMES,"Publication Chapter 27 — Returns, Claims, Refunds, and Disputes",2992,26615,6778a3dc226442c2b37a1bc023b169bb7db6d31d95b3e0b4ecce9a0e29e225d3
03-DETAILED-VOLUMES/volume-03-end-to-end-global-trade-lifecycle/28-PUBLICATION-28-CANONICAL-STAGE-27-SETTLEMENT-REPORTING-ESG-AND-LEARNING.md,03-DETAILED-VOLUMES,"Publication Chapter 28 — Settlement, Reporting, ESG, and Learning",2927,26226,d680f292b601b812d6ae42f6f7d3812c8c76f3af2819bddad70f9e290c3169f8
03-DETAILED-VOLUMES/volume-03-end-to-end-global-trade-lifecycle/99-BATCH-01-CANONICAL-STAGE-MAP-AND-PUBLICATION-NUMBERING.md,03-DETAILED-VOLUMES,Batch 01 — Canonical Stage Map and Publication Numbering,332,2689,0346be80f08c1e9e889007ee7d68f0bc4c75bd4fbcb7c111cbee53a262add2b1
03-DETAILED-VOLUMES/volume-04-portal-and-experience-architecture/01-web-shop/00-PORTAL-ORIENTATION-AND-INFORMATION-ARCHITECTURE.md,03-DETAILED-VOLUMES,Web Shop — Portal Orientation and Information Architecture,1996,18300,a476688095cc0298ffaa1357555b43b7266a49cc4e288e24794faf02b0d80a39
03-DETAILED-VOLUMES/volume-04-portal-and-experience-architecture/01-web-shop/01-ROUTES-PAGES-COMPONENTS-AND-BFF-CONTRACTS.md,03-DETAILED-VOLUMES,"Web Shop — Routes, Pages, Components, and BFF Contracts",2001,18636,08181bc1df19e04fac7637eaf0488c8a1fc0cb02968cd732a58d8276fe862298
03-DETAILED-VOLUMES/volume-04-portal-and-experience-architecture/01-web-shop/02-IDENTITY-SESSION-AUTHORIZATION-AND-TRUST-BOUNDARIES.md,03-DETAILED-VOLUMES,"Web Shop — Identity, Session, Authorization, and Trust Boundaries",2000,18558,a5c382ea022f9ffe20fff34fa22988b3cc306e31f3eefb19595e713a9c6d6c60
03-DETAILED-VOLUMES/volume-04-portal-and-experience-architecture/01-web-shop/03-UX-STATES-ACCESSIBILITY-LOCALIZATION-ANALYTICS-AND-E2E.md,03-DETAILED-VOLUMES,"Web Shop — UX States, Accessibility, Localization, Analytics, and E2E",2004,18882,aadfe109c69fb710607a9380498909d52565963d0ac7e02a521053815f8310d1
03-DETAILED-VOLUMES/volume-04-portal-and-experience-architecture/02-web-admin/00-PORTAL-ORIENTATION-AND-INFORMATION-ARCHITECTURE.md,03-DETAILED-VOLUMES,Web Admin — Portal Orientation and Information Architecture,1994,18345,f853d0ddae85a4d4286ad9773c1d6765d0a507df4211dfd130fb92ce65b522a9
03-DETAILED-VOLUMES/volume-04-portal-and-experience-architecture/02-web-admin/01-ROUTES-PAGES-COMPONENTS-AND-BFF-CONTRACTS.md,03-DETAILED-VOLUMES,"Web Admin — Routes, Pages, Components, and BFF Contracts",1999,18681,d5334cf8cbdf8b2b731480ea23d2e068c196ac1817340aad76e7ebfa6403abf5
03-DETAILED-VOLUMES/volume-04-portal-and-experience-architecture/02-web-admin/02-IDENTITY-SESSION-AUTHORIZATION-AND-TRUST-BOUNDARIES.md,03-DETAILED-VOLUMES,"Web Admin — Identity, Session, Authorization, and Trust Boundaries",1998,18603,08f7535304bf9800f452f5fd874144b367be361272795aa32a0c6a64577a5afd
03-DETAILED-VOLUMES/volume-04-portal-and-experience-architecture/02-web-admin/03-UX-STATES-ACCESSIBILITY-LOCALIZATION-ANALYTICS-AND-E2E.md,03-DETAILED-VOLUMES,"Web Admin — UX States, Accessibility, Localization, Analytics, and E2E",2002,18927,09e4c831e6e5c7eca9fa121a4d19885f89ccf772bb6b16b11166cfb87985796b
03-DETAILED-VOLUMES/volume-04-portal-and-experience-architecture/03-web-operator/00-PORTAL-ORIENTATION-AND-INFORMATION-ARCHITECTURE.md,03-DETAILED-VOLUMES,Web Operator — Portal Orientation and Information Architecture,1997,18505,82de54e1b90362387a6c48e7402cbfeb8857222dc508ebd4fa266e515c4ef0da
03-DETAILED-VOLUMES/volume-04-portal-and-experience-architecture/03-web-operator/01-ROUTES-PAGES-COMPONENTS-AND-BFF-CONTRACTS.md,03-DETAILED-VOLUMES,"Web Operator — Routes, Pages, Components, and BFF Contracts",2002,18841,174a06d65556a72012e5d0ace94229943825c473809524be42624401539af69b
03-DETAILED-VOLUMES/volume-04-portal-and-experience-architecture/03-web-operator/02-IDENTITY-SESSION-AUTHORIZATION-AND-TRUST-BOUNDARIES.md,03-DETAILED-VOLUMES,"Web Operator — Identity, Session, Authorization, and Trust Boundaries",2001,18763,4e6c174ab4249e3d69f6c1cc87c774151e9618bfab6db5cff639590e790ab921
03-DETAILED-VOLUMES/volume-04-portal-and-experience-architecture/03-web-operator/03-UX-STATES-ACCESSIBILITY-LOCALIZATION-ANALYTICS-AND-E2E.md,03-DETAILED-VOLUMES,"Web Operator — UX States, Accessibility, Localization, Analytics, and E2E",2005,19087,a2a6dd7a8c1b1569ad1370feadde8e43b200ceb3435fdc531dcb3e5c0520fe89
03-DETAILED-VOLUMES/volume-04-portal-and-experience-architecture/04-warehouse-operator/00-PORTAL-ORIENTATION-AND-INFORMATION-ARCHITECTURE.md,03-DETAILED-VOLUMES,Warehouse Operator — Portal Orientation and Information Architecture,1995,18788,f887ceb274fdbefa7ca02bdf0669ade07c4e8ef33b26b1acbf8a8ac58b695ff3
03-DETAILED-VOLUMES/volume-04-portal-and-experience-architecture/04-warehouse-operator/01-ROUTES-PAGES-COMPONENTS-AND-BFF-CONTRACTS.md,03-DETAILED-VOLUMES,"Warehouse Operator — Routes, Pages, Components, and BFF Contracts",2000,19124,02b913997b1c83998c46ca40819420504afaf7931bb5b36e3316d05699551c29
03-DETAILED-VOLUMES/volume-04-portal-and-experience-architecture/04-warehouse-operator/02-IDENTITY-SESSION-AUTHORIZATION-AND-TRUST-BOUNDARIES.md,03-DETAILED-VOLUMES,"Warehouse Operator — Identity, Session, Authorization, and Trust Boundaries",1999,19046,a398aab36e358e21ea9529561f4c254aa015cb9b8eff508f705e5f26be5bade1
03-DETAILED-VOLUMES/volume-04-portal-and-experience-architecture/04-warehouse-operator/03-UX-STATES-ACCESSIBILITY-LOCALIZATION-ANALYTICS-AND-E2E.md,03-DETAILED-VOLUMES,"Warehouse Operator — UX States, Accessibility, Localization, Analytics, and E2E",2003,19370,c45abc1863ace37c39e8c14d8b536ebe659f6baa76977d4afc950c5f8b446ef0
03-DETAILED-VOLUMES/volume-04-portal-and-experience-architecture/05-customer-portal/00-PORTAL-ORIENTATION-AND-INFORMATION-ARCHITECTURE.md,03-DETAILED-VOLUMES,Customer Portal — Portal Orientation and Information Architecture,1999,18657,cc3bb279b668f1104fcd8f1c41f42fdc084dc0ce73ba3b5f7da0be33305b0151
03-DETAILED-VOLUMES/volume-04-portal-and-experience-architecture/05-customer-portal/01-ROUTES-PAGES-COMPONENTS-AND-BFF-CONTRACTS.md,03-DETAILED-VOLUMES,"Customer Portal — Routes, Pages, Components, and BFF Contracts",2004,18993,676c0d91221989a8444cb2efc5219c667325ae20a8fb61a67b504c714ff96299
03-DETAILED-VOLUMES/volume-04-portal-and-experience-architecture/05-customer-portal/02-IDENTITY-SESSION-AUTHORIZATION-AND-TRUST-BOUNDARIES.md,03-DETAILED-VOLUMES,"Customer Portal — Identity, Session, Authorization, and Trust Boundaries",2003,18915,4bc05f3276239bfc2171b409c09c8203f0ceb9168dede947de9161e9507b71e1
03-DETAILED-VOLUMES/volume-04-portal-and-experience-architecture/05-customer-portal/03-UX-STATES-ACCESSIBILITY-LOCALIZATION-ANALYTICS-AND-E2E.md,03-DETAILED-VOLUMES,"Customer Portal — UX States, Accessibility, Localization, Analytics, and E2E",2007,19239,3eb7654bec988426e655a63493bcc39fcb452da03f655633049990f1e3cb8e66
03-DETAILED-VOLUMES/volume-04-portal-and-experience-architecture/06-provider-portal/00-PORTAL-ORIENTATION-AND-INFORMATION-ARCHITECTURE.md,03-DETAILED-VOLUMES,Provider Portal — Portal Orientation and Information Architecture,2001,18689,9537454c306ad5314a978782ec28b8e6cccb2bd22fc6883a23ae90a22bd10403
03-DETAILED-VOLUMES/volume-04-portal-and-experience-architecture/06-provider-portal/01-ROUTES-PAGES-COMPONENTS-AND-BFF-CONTRACTS.md,03-DETAILED-VOLUMES,"Provider Portal — Routes, Pages, Components, and BFF Contracts",2006,19025,32f7d825bc4d32a71414bd274b80688a87eeaeb539b8bfb1de67c70a7bfc7f78
03-DETAILED-VOLUMES/volume-04-portal-and-experience-architecture/06-provider-portal/02-IDENTITY-SESSION-AUTHORIZATION-AND-TRUST-BOUNDARIES.md,03-DETAILED-VOLUMES,"Provider Portal — Identity, Session, Authorization, and Trust Boundaries",2005,18947,080451a267bc912eae9e79e71689194745ebb4d4942263cf63b8e8bb33c91de5
03-DETAILED-VOLUMES/volume-04-portal-and-experience-architecture/06-provider-portal/03-UX-STATES-ACCESSIBILITY-LOCALIZATION-ANALYTICS-AND-E2E.md,03-DETAILED-VOLUMES,"Provider Portal — UX States, Accessibility, Localization, Analytics, and E2E",2009,19271,f7ae16e1a87ec434b536f7ec3a22e07c8f31c3aa2c744406ffe89dd3596a7737
03-DETAILED-VOLUMES/volume-04-portal-and-experience-architecture/07-partner-portal/00-PORTAL-ORIENTATION-AND-INFORMATION-ARCHITECTURE.md,03-DETAILED-VOLUMES,Partner Portal — Portal Orientation and Information Architecture,1998,18619,c3f94cb3f0fde7debaa59e1626eb0322518b051e35188c8c5a50d664a15821d0
03-DETAILED-VOLUMES/volume-04-portal-and-experience-architecture/07-partner-portal/01-ROUTES-PAGES-COMPONENTS-AND-BFF-CONTRACTS.md,03-DETAILED-VOLUMES,"Partner Portal — Routes, Pages, Components, and BFF Contracts",2003,18955,9d6ab283814cbdc91b6bb11e806020d6cff35aadfbd49b13bc9a0057395e9559
03-DETAILED-VOLUMES/volume-04-portal-and-experience-architecture/07-partner-portal/02-IDENTITY-SESSION-AUTHORIZATION-AND-TRUST-BOUNDARIES.md,03-DETAILED-VOLUMES,"Partner Portal — Identity, Session, Authorization, and Trust Boundaries",2002,18877,63c66b8baaaaed2002a52246de437cab8254d024de591f612b39b974c66bc935
03-DETAILED-VOLUMES/volume-04-portal-and-experience-architecture/07-partner-portal/03-UX-STATES-ACCESSIBILITY-LOCALIZATION-ANALYTICS-AND-E2E.md,03-DETAILED-VOLUMES,"Partner Portal — UX States, Accessibility, Localization, Analytics, and E2E",2006,19201,ddd5a78a38882c647e169dfb05ff1fbaf37e255150020e3113b47e9504e3c030
03-DETAILED-VOLUMES/volume-04-portal-and-experience-architecture/08-developer-portal/00-PORTAL-ORIENTATION-AND-INFORMATION-ARCHITECTURE.md,03-DETAILED-VOLUMES,Developer Portal — Portal Orientation and Information Architecture,1995,18697,998818c5f2a5861782c1881619e63d1c0d25ce547bf86365dac091f72d8404de
03-DETAILED-VOLUMES/volume-04-portal-and-experience-architecture/08-developer-portal/01-ROUTES-PAGES-COMPONENTS-AND-BFF-CONTRACTS.md,03-DETAILED-VOLUMES,"Developer Portal — Routes, Pages, Components, and BFF Contracts",2000,19033,ea45fb02e9c183191e09d8b20a718e56a79381382b37e4d47dbaa602c1e7a6e6
03-DETAILED-VOLUMES/volume-04-portal-and-experience-architecture/08-developer-portal/02-IDENTITY-SESSION-AUTHORIZATION-AND-TRUST-BOUNDARIES.md,03-DETAILED-VOLUMES,"Developer Portal — Identity, Session, Authorization, and Trust Boundaries",1999,18955,3fac757e2a66d2f70f1561aeee8b6cd39b29ec264d0f4d0f59d09da04903c6ae
03-DETAILED-VOLUMES/volume-04-portal-and-experience-architecture/08-developer-portal/03-UX-STATES-ACCESSIBILITY-LOCALIZATION-ANALYTICS-AND-E2E.md,03-DETAILED-VOLUMES,"Developer Portal — UX States, Accessibility, Localization, Analytics, and E2E",2003,19279,673f663ca81c4d804de87303fa1f0b8aaff1f9b325c005b3f295e5dc9d97a615
03-DETAILED-VOLUMES/volume-04-portal-and-experience-architecture/09-whatsapp-admin/00-PORTAL-ORIENTATION-AND-INFORMATION-ARCHITECTURE.md,03-DETAILED-VOLUMES,WhatsApp Admin — Portal Orientation and Information Architecture,1998,18604,dce7f69310c66ac26dae0c4d97aab0bfb0d838eb0da3b716223fb7b9c4e9f632
03-DETAILED-VOLUMES/volume-04-portal-and-experience-architecture/09-whatsapp-admin/01-ROUTES-PAGES-COMPONENTS-AND-BFF-CONTRACTS.md,03-DETAILED-VOLUMES,"WhatsApp Admin — Routes, Pages, Components, and BFF Contracts",2003,18940,2e860ca6f3dae38ad8f3afccb8e3124fa006f4c2d9afeff2407da6467de2c461
03-DETAILED-VOLUMES/volume-04-portal-and-experience-architecture/09-whatsapp-admin/02-IDENTITY-SESSION-AUTHORIZATION-AND-TRUST-BOUNDARIES.md,03-DETAILED-VOLUMES,"WhatsApp Admin — Identity, Session, Authorization, and Trust Boundaries",2002,18862,5adafbf5a89de6d0180afb34986c531473eb262b88b4448d74f214dc15e85cdb
03-DETAILED-VOLUMES/volume-04-portal-and-experience-architecture/09-whatsapp-admin/03-UX-STATES-ACCESSIBILITY-LOCALIZATION-ANALYTICS-AND-E2E.md,03-DETAILED-VOLUMES,"WhatsApp Admin — UX States, Accessibility, Localization, Analytics, and E2E",2006,19186,760d34c8dd47e93d7818779544e6c4ab0a672697982009312aee8c9dbaf3964d
03-DETAILED-VOLUMES/volume-04-portal-and-experience-architecture/10-esg-dashboard/00-PORTAL-ORIENTATION-AND-INFORMATION-ARCHITECTURE.md,03-DETAILED-VOLUMES,ESG Dashboard — Portal Orientation and Information Architecture,1996,18560,85a8b26380add6911722c09fd37abddddb049c140df48fa4db56a51f2ca038a3
03-DETAILED-VOLUMES/volume-04-portal-and-experience-architecture/10-esg-dashboard/01-ROUTES-PAGES-COMPONENTS-AND-BFF-CONTRACTS.md,03-DETAILED-VOLUMES,"ESG Dashboard — Routes, Pages, Components, and BFF Contracts",2001,18896,d2407c56fd8781a8f24b1973229c1aa345d2e4a2265c916e607b3ac2fafe35db
03-DETAILED-VOLUMES/volume-04-portal-and-experience-architecture/10-esg-dashboard/02-IDENTITY-SESSION-AUTHORIZATION-AND-TRUST-BOUNDARIES.md,03-DETAILED-VOLUMES,"ESG Dashboard — Identity, Session, Authorization, and Trust Boundaries",2000,18818,6f7fcd94b8e84eac7d73e91b733c891dcfc90d9f210f3c0b82a19b0301abaa88
03-DETAILED-VOLUMES/volume-04-portal-and-experience-architecture/10-esg-dashboard/03-UX-STATES-ACCESSIBILITY-LOCALIZATION-ANALYTICS-AND-E2E.md,03-DETAILED-VOLUMES,"ESG Dashboard — UX States, Accessibility, Localization, Analytics, and E2E",2004,19142,3b3d49adada17f72f5b9c45183302e6a140fc0422ae81eb6a8b64d21d21d084d
03-DETAILED-VOLUMES/volume-04-portal-and-experience-architecture/11-quality-dashboard/00-PORTAL-ORIENTATION-AND-INFORMATION-ARCHITECTURE.md,03-DETAILED-VOLUMES,Quality Dashboard — Portal Orientation and Information Architecture,1997,18759,d0249347e776fe116421638273fde8d7d3ea9d8f7da17dea26025c3e201dd4c6
03-DETAILED-VOLUMES/volume-04-portal-and-experience-architecture/11-quality-dashboard/01-ROUTES-PAGES-COMPONENTS-AND-BFF-CONTRACTS.md,03-DETAILED-VOLUMES,"Quality Dashboard — Routes, Pages, Components, and BFF Contracts",2002,19095,493680485cfaa0566059afbf3fd2181861c35c464bcc8c6b69ec78fd3a8fd64f
03-DETAILED-VOLUMES/volume-04-portal-and-experience-architecture/11-quality-dashboard/02-IDENTITY-SESSION-AUTHORIZATION-AND-TRUST-BOUNDARIES.md,03-DETAILED-VOLUMES,"Quality Dashboard — Identity, Session, Authorization, and Trust Boundaries",2001,19017,54e9bcb4d9ffaa5d71f8edfbe0db8e363c5076a68f3c724465e1ea4fd5c2b17f
03-DETAILED-VOLUMES/volume-04-portal-and-experience-architecture/11-quality-dashboard/03-UX-STATES-ACCESSIBILITY-LOCALIZATION-ANALYTICS-AND-E2E.md,03-DETAILED-VOLUMES,"Quality Dashboard — UX States, Accessibility, Localization, Analytics, and E2E",2005,19341,54ad7e9ed7ed25bd205489b5e3b7b0b5db5c615b2a4b1929584be1fbbe76d665
03-DETAILED-VOLUMES/volume-04-portal-and-experience-architecture/12-scenario-simulator/00-PORTAL-ORIENTATION-AND-INFORMATION-ARCHITECTURE.md,03-DETAILED-VOLUMES,Scenario Simulator — Portal Orientation and Information Architecture,1994,18790,35deb8e57db50ab49dcc600a9dad1e1b585c6c5d36cba81c157b60d50d2586e0
03-DETAILED-VOLUMES/volume-04-portal-and-experience-architecture/12-scenario-simulator/01-ROUTES-PAGES-COMPONENTS-AND-BFF-CONTRACTS.md,03-DETAILED-VOLUMES,"Scenario Simulator — Routes, Pages, Components, and BFF Contracts",1999,19126,47109eb8f8e5c79b93ee462190356c6a471d84ea05f290732633226bdc783d05
03-DETAILED-VOLUMES/volume-04-portal-and-experience-architecture/12-scenario-simulator/02-IDENTITY-SESSION-AUTHORIZATION-AND-TRUST-BOUNDARIES.md,03-DETAILED-VOLUMES,"Scenario Simulator — Identity, Session, Authorization, and Trust Boundaries",1998,19048,901960e4072c1a5a502ea02d0b0b624dda3b3e11422144611b75d84abed99367
03-DETAILED-VOLUMES/volume-04-portal-and-experience-architecture/12-scenario-simulator/03-UX-STATES-ACCESSIBILITY-LOCALIZATION-ANALYTICS-AND-E2E.md,03-DETAILED-VOLUMES,"Scenario Simulator — UX States, Accessibility, Localization, Analytics, and E2E",2002,19372,783c6c006084fcbd5a2d2d5de70a6bcbd3cb5c186c198b14ddb5e95e7858c420
03-DETAILED-VOLUMES/volume-04-portal-and-experience-architecture/13-mobile-applications/00-PORTAL-ORIENTATION-AND-INFORMATION-ARCHITECTURE.md,03-DETAILED-VOLUMES,Mobile Applications — Portal Orientation and Information Architecture,2000,18880,f67fed09f89c5f09c9b0a88bdb97838495b667b8b64c085c9fccca0c30e318a2
03-DETAILED-VOLUMES/volume-04-portal-and-experience-architecture/13-mobile-applications/01-ROUTES-PAGES-COMPONENTS-AND-BFF-CONTRACTS.md,03-DETAILED-VOLUMES,"Mobile Applications — Routes, Pages, Components, and BFF Contracts",2005,19216,84a87b1b4ee348da80c75baf111d63e09cd769276d18b4671e2b1e6479bc9350
03-DETAILED-VOLUMES/volume-04-portal-and-experience-architecture/13-mobile-applications/02-IDENTITY-SESSION-AUTHORIZATION-AND-TRUST-BOUNDARIES.md,03-DETAILED-VOLUMES,"Mobile Applications — Identity, Session, Authorization, and Trust Boundaries",2004,19138,f876342dfe23687fe9be8169f98c981abe67e113c81a03724c1e08a63abf7691
03-DETAILED-VOLUMES/volume-04-portal-and-experience-architecture/13-mobile-applications/03-UX-STATES-ACCESSIBILITY-LOCALIZATION-ANALYTICS-AND-E2E.md,03-DETAILED-VOLUMES,"Mobile Applications — UX States, Accessibility, Localization, Analytics, and E2E",2008,19462,5dca06623f96489e93389ef75db7536883197d0a7942f2fbbe99810e1377419b
03-DETAILED-VOLUMES/volume-04-portal-and-experience-architecture/99-PORTAL-CROSS-ROUTE-AND-PERSONA-MATRIX.md,03-DETAILED-VOLUMES,Portal Cross-Route and Persona Matrix,1990,18207,207c0d01e6743c0436feb3263ed2f79eeebc461ae092d2a33d5ce71dd143e3f2
03-DETAILED-VOLUMES/volume-05-identity-tenant-organization/00-IDENTITY-AND-TENANT-ARCHITECTURE-INTRODUCTION.md,03-DETAILED-VOLUMES,Identity and Tenant Architecture Introduction,1979,18543,a1dee4b0391acea0380a3b25df9b03569e75bb601538021960a7dc057c634da4
03-DETAILED-VOLUMES/volume-05-identity-tenant-organization/01-HUMAN-IDENTITY-AND-PERSON-PROFILE.md,03-DETAILED-VOLUMES,Human Identity and Person Profile,1979,18195,83260306d8598e411059104da0e0baca6d9174ea4ef3b137453fb34e359fe088
03-DETAILED-VOLUMES/volume-05-identity-tenant-organization/02-ORGANIZATION-AND-LEGAL-ENTITY-IDENTITY.md,03-DETAILED-VOLUMES,Organization and Legal-Entity Identity,1980,18564,ea0d23547c6ca515b79aa4410f1400f3698fd31deaf87be3572833f99ce30ae6
03-DETAILED-VOLUMES/volume-05-identity-tenant-organization/03-SERVICE-AND-WORKLOAD-IDENTITY.md,03-DETAILED-VOLUMES,Service and Workload Identity,1979,18289,6bd7b912db7181e271d7ac16afea9b7bc6f65ac39daaee6aa3b00ddb15852296
03-DETAILED-VOLUMES/volume-05-identity-tenant-organization/04-DEVICE-BROWSER-AND-MOBILE-IDENTITY.md,03-DETAILED-VOLUMES,"Device, Browser, and Mobile Identity",1981,18244,3251165dc0aa492da4d69a5be96008a5547f50318b06ff09383748be0fd1e7ca
03-DETAILED-VOLUMES/volume-05-identity-tenant-organization/05-AI-AGENT-AND-AGENT-RUN-IDENTITY.md,03-DETAILED-VOLUMES,AI Agent and Agent-Run Identity,1981,18300,293333dbe69dd785f23d15bd852452ef3d26f085082e890bf92d742e390d5ae9
03-DETAILED-VOLUMES/volume-05-identity-tenant-organization/06-ACCOUNT-CREDENTIAL-AND-RECOVERY-LIFECYCLE.md,03-DETAILED-VOLUMES,"Account, Credential, and Recovery Lifecycle",1979,18481,78344dc6f0463a1aa56e356ab3ac5cccf68fd141cde949868cc0ad366aed4dc6
03-DETAILED-VOLUMES/volume-05-identity-tenant-organization/07-AUTHENTICATION-OAUTH2-OIDC-JWT-AND-KEYCLOAK.md,03-DETAILED-VOLUMES,"Authentication, OAuth2, OIDC, JWT, and Keycloak",1982,18632,ba9c3833ed72739e5e719c992fded50eea80e62324d8d4f1a1afa5255b5b48ba
03-DETAILED-VOLUMES/volume-05-identity-tenant-organization/08-MULTI-FACTOR-AND-STEP-UP-AUTHENTICATION.md,03-DETAILED-VOLUMES,Multi-Factor and Step-Up Authentication,1982,18069,29ffa899d19702b7bd6929199060c8afb96c1abdcdd45ddc7254fc9a378818fb
03-DETAILED-VOLUMES/volume-05-identity-tenant-organization/09-SESSION-REFRESH-REVOCATION-AND-LOGOUT.md,03-DETAILED-VOLUMES,"Session, Refresh, Revocation, and Logout",1983,18354,5d56f86f229b4fe1b139da49b6ccb470070994f00747366462512c8f61f20cc3
03-DETAILED-VOLUMES/volume-05-identity-tenant-organization/10-TENANT-COMPANY-WORKSPACE-FACILITY-AND-CHANNEL-SCOPE.md,03-DETAILED-VOLUMES,"Tenant, Company, Workspace, Facility, and Channel Scope",1982,18146,2efcab0eb87cfcd045c0c09d86f115d1458db3f72e6e50f0beb9c67f52740f20
03-DETAILED-VOLUMES/volume-05-identity-tenant-organization/11-MEMBERSHIP-EMPLOYMENT-AND-PARTICIPANT-RELATIONSHIPS.md,03-DETAILED-VOLUMES,"Membership, Employment, and Participant Relationships",1983,18671,12105be082a3ab861a627fe25d40c894102c94aea94b0503d754e3548ec7518a
03-DETAILED-VOLUMES/volume-05-identity-tenant-organization/12-ROLE-PERMISSION-ABAC-AND-REBAC.md,03-DETAILED-VOLUMES,"Role, Permission, ABAC, and ReBAC",1981,18437,1a554e272d85582870d439287861038a162ba324cb78e10883e4a1f32635b2e9
03-DETAILED-VOLUMES/volume-05-identity-tenant-organization/13-DELEGATION-MANDATE-POWER-OF-ATTORNEY-AND-REPRESENTATION.md,03-DETAILED-VOLUMES,"Delegation, Mandate, Power of Attorney, and Representation",1983,18407,79108f468997933f746a596b778e6e803e03696d23f7b17c9ff7f11f09ae1c2e
03-DETAILED-VOLUMES/volume-05-identity-tenant-organization/14-IMPERSONATION-SUPPORT-ACCESS-AND-EMERGENCY-ACCESS.md,03-DETAILED-VOLUMES,"Impersonation, Support Access, and Emergency Access",1980,18364,8bee12d59a3a23e95da168ca307589879fda21d90aba98bf7b0c039baf95b85c
03-DETAILED-VOLUMES/volume-05-identity-tenant-organization/15-IDENTITY-PROOFING-KYB-KYC-AND-QUALIFICATION.md,03-DETAILED-VOLUMES,"Identity Proofing, KYB, KYC, and Qualification",1980,18364,782ffe50081f74af2cdb76aea80d804dbe765176d8e897b67b0a105f9e8ed3b9
03-DETAILED-VOLUMES/volume-05-identity-tenant-organization/16-CONSENT-PURPOSE-PRIVACY-AND-DATA-SUBJECT-RIGHTS.md,03-DETAILED-VOLUMES,"Consent, Purpose, Privacy, and Data Subject Rights",1982,18268,3376644cb63638cd55ac01695e2913f01917ab24c433e80924d800217b4a1ae7
03-DETAILED-VOLUMES/volume-05-identity-tenant-organization/17-CROSS-TENANT-ISOLATION-AND-CONFUSED-DEPUTY-PREVENTION.md,03-DETAILED-VOLUMES,Cross-Tenant Isolation and Confused-Deputy Prevention,1983,18331,6b5b2c3dbe38d49a3f33042ea660b752a7ad1b20fc8a34c9810e5d78e2fa5ba3
03-DETAILED-VOLUMES/volume-05-identity-tenant-organization/18-IDENTITY-AUDIT-NON-REPUDIATION-AND-HISTORICAL-RECONSTRUCTION.md,03-DETAILED-VOLUMES,"Identity Audit, Non-Repudiation, and Historical Reconstruction",1984,18252,ff98ce23cc5480bfa7fdc8b7a76ac0668571d1a145b489eb0aabce8027601da9
03-DETAILED-VOLUMES/volume-05-identity-tenant-organization/19-IDENTITY-MIGRATION-AND-LEGACY-COMPATIBILITY.md,03-DETAILED-VOLUMES,Identity Migration and Legacy Compatibility,1982,18410,f9eafeb48b9a62a53842a9899b621d8f673e55f4c89bee4c4c812487b3e7ff53
03-DETAILED-VOLUMES/volume-05-identity-tenant-organization/99-IDENTITY-CONFORMANCE-MATRIX.md,03-DETAILED-VOLUMES,Identity and Tenant Conformance Matrix,1984,18754,e858b322887c94493e4c7baab5f86776d799636f93a4f07d45f4116d050a4662
03-DETAILED-VOLUMES/volume-06-commerce-domain-architecture/01-PRODUCT-CATALOG/00-ORIENTATION-AND-EVIDENCE-BASELINE.md,03-DETAILED-VOLUMES,Product Catalog — Orientation and Evidence Baseline,1995,18633,9461eac1a5ad685ea110420127bc45e26bb195d458349b69fa03a251818b456e
03-DETAILED-VOLUMES/volume-06-commerce-domain-architecture/01-PRODUCT-CATALOG/01-UBIQUITOUS-LANGUAGE-AGGREGATES-AND-STATE.md,03-DETAILED-VOLUMES,"Product Catalog — Ubiquitous Language, Aggregates, and State",1994,18997,798fb801c8dd10d85bbc339bb963246f14d41e3de8d666d51aea51196f42ff45
03-DETAILED-VOLUMES/volume-06-commerce-domain-architecture/01-PRODUCT-CATALOG/02-COMMANDS-EVENTS-APIS-WORKFLOWS-AND-TOOLS.md,03-DETAILED-VOLUMES,"Product Catalog — Commands, Events, APIs, Workflows, and Tools",1998,18964,7c8ebcddd7da46d6e4eddefbe4befb667c8607ce9370e45077dd4b3d998773a7
03-DETAILED-VOLUMES/volume-06-commerce-domain-architecture/01-PRODUCT-CATALOG/03-DATA-TABLES-MIGRATIONS-LINEAGE-AND-RECONCILIATION.md,03-DETAILED-VOLUMES,"Product Catalog — Data, Tables, Migrations, Lineage, and Reconciliation",1998,18815,ce15b61016bec261bc0cb09425a811f011d832352a3abfc2bad3df395ba84197
03-DETAILED-VOLUMES/volume-06-commerce-domain-architecture/01-PRODUCT-CATALOG/04-PORTALS-AI-SECURITY-SLOS-TESTS-AND-OPERATIONS.md,03-DETAILED-VOLUMES,"Product Catalog — Portals, AI, Security, SLOs, Tests, and Operations",1996,19083,74da08a8b922d47b25ffa85115d50b53e2da04b8d0ab1a9210c11f2649163a2e
03-DETAILED-VOLUMES/volume-06-commerce-domain-architecture/02-MARKETPLACE/00-ORIENTATION-AND-EVIDENCE-BASELINE.md,03-DETAILED-VOLUMES,Marketplace — Orientation and Evidence Baseline,1990,18478,9a86b5984051a3336b1bff4dd4c592196e5f4110227da667e3544d7acc147c89
03-DETAILED-VOLUMES/volume-06-commerce-domain-architecture/02-MARKETPLACE/01-UBIQUITOUS-LANGUAGE-AGGREGATES-AND-STATE.md,03-DETAILED-VOLUMES,"Marketplace — Ubiquitous Language, Aggregates, and State",1989,18842,7271bb8bbd31de77aa979abb827f4bb8596ac536f00ba7c08e58df6e8d2a718d
03-DETAILED-VOLUMES/volume-06-commerce-domain-architecture/02-MARKETPLACE/02-COMMANDS-EVENTS-APIS-WORKFLOWS-AND-TOOLS.md,03-DETAILED-VOLUMES,"Marketplace — Commands, Events, APIs, Workflows, and Tools",1993,18809,9f438094c74c84f2892e7a666786605fe7363579c70ad5cf4c47614977b07317
03-DETAILED-VOLUMES/volume-06-commerce-domain-architecture/02-MARKETPLACE/03-DATA-TABLES-MIGRATIONS-LINEAGE-AND-RECONCILIATION.md,03-DETAILED-VOLUMES,"Marketplace — Data, Tables, Migrations, Lineage, and Reconciliation",1993,18660,cfc38030ccef93cc9008fd5eccdf6de6202b4dca8b5f0eaaf0fee023df9a3452
03-DETAILED-VOLUMES/volume-06-commerce-domain-architecture/02-MARKETPLACE/04-PORTALS-AI-SECURITY-SLOS-TESTS-AND-OPERATIONS.md,03-DETAILED-VOLUMES,"Marketplace — Portals, AI, Security, SLOs, Tests, and Operations",1991,18928,6677222a8fb453234c21fa70361efa2a421edc4676f683240405a4f36311cc0d
03-DETAILED-VOLUMES/volume-06-commerce-domain-architecture/03-PRICING/00-ORIENTATION-AND-EVIDENCE-BASELINE.md,03-DETAILED-VOLUMES,Pricing — Orientation and Evidence Baseline,1990,18278,e3ea22399e6dce353ef5f85c2d53a7c0db4c1bfc5ef46216db4b92a6ec0aeb0f
03-DETAILED-VOLUMES/volume-06-commerce-domain-architecture/03-PRICING/01-UBIQUITOUS-LANGUAGE-AGGREGATES-AND-STATE.md,03-DETAILED-VOLUMES,"Pricing — Ubiquitous Language, Aggregates, and State",1989,18642,c325ce2259ee6411432f3abe7bc30f28e47c6946c1d3d07ca13f47ea3afab6b2
03-DETAILED-VOLUMES/volume-06-commerce-domain-architecture/03-PRICING/02-COMMANDS-EVENTS-APIS-WORKFLOWS-AND-TOOLS.md,03-DETAILED-VOLUMES,"Pricing — Commands, Events, APIs, Workflows, and Tools",1993,18609,44840012905c01ad86e9d21d23525c56445d1e8878735a631e22f5513d7f1d41
03-DETAILED-VOLUMES/volume-06-commerce-domain-architecture/03-PRICING/03-DATA-TABLES-MIGRATIONS-LINEAGE-AND-RECONCILIATION.md,03-DETAILED-VOLUMES,"Pricing — Data, Tables, Migrations, Lineage, and Reconciliation",1993,18460,c76615ddc76b9ac72e98cfedca215e041b4a1382275d4c3fa1bf053197d2511f
03-DETAILED-VOLUMES/volume-06-commerce-domain-architecture/03-PRICING/04-PORTALS-AI-SECURITY-SLOS-TESTS-AND-OPERATIONS.md,03-DETAILED-VOLUMES,"Pricing — Portals, AI, Security, SLOs, Tests, and Operations",1991,18728,70a740634e969b8c8654978a3443ad6661cb7301e9442d534afd1812976f9b8b
03-DETAILED-VOLUMES/volume-06-commerce-domain-architecture/04-RFQ-AND-PROCUREMENT/00-ORIENTATION-AND-EVIDENCE-BASELINE.md,03-DETAILED-VOLUMES,RFQ and Procurement — Orientation and Evidence Baseline,2000,18788,e2b014c9dd37023cf8f3b00a7c2e2a8c8fe15887a069b8ed6bc9a8663a5f939e
03-DETAILED-VOLUMES/volume-06-commerce-domain-architecture/04-RFQ-AND-PROCUREMENT/01-UBIQUITOUS-LANGUAGE-AGGREGATES-AND-STATE.md,03-DETAILED-VOLUMES,"RFQ and Procurement — Ubiquitous Language, Aggregates, and State",1999,19152,51a05eb2714d20114f118e2f38b011a024e342ad6351b0e4d011a7b0e1b9d01b
03-DETAILED-VOLUMES/volume-06-commerce-domain-architecture/04-RFQ-AND-PROCUREMENT/02-COMMANDS-EVENTS-APIS-WORKFLOWS-AND-TOOLS.md,03-DETAILED-VOLUMES,"RFQ and Procurement — Commands, Events, APIs, Workflows, and Tools",2003,19119,0f14dfa6d11136065a24ff875afc5ab30f90fe1ab968438612e28354127bcb73
03-DETAILED-VOLUMES/volume-06-commerce-domain-architecture/04-RFQ-AND-PROCUREMENT/03-DATA-TABLES-MIGRATIONS-LINEAGE-AND-RECONCILIATION.md,03-DETAILED-VOLUMES,"RFQ and Procurement — Data, Tables, Migrations, Lineage, and Reconciliation",2003,18970,d5f7d956f1781551a1cbed69f9e2480b896e3296f3108fe32749f6b69b208eaf
03-DETAILED-VOLUMES/volume-06-commerce-domain-architecture/04-RFQ-AND-PROCUREMENT/04-PORTALS-AI-SECURITY-SLOS-TESTS-AND-OPERATIONS.md,03-DETAILED-VOLUMES,"RFQ and Procurement — Portals, AI, Security, SLOs, Tests, and Operations",2001,19238,d1a707ef535b7fb037e359842f808b33305b36b60ec9345f12fcf96b30a82bb7
03-DETAILED-VOLUMES/volume-06-commerce-domain-architecture/05-QUOTATION/00-ORIENTATION-AND-EVIDENCE-BASELINE.md,03-DETAILED-VOLUMES,Quotation — Orientation and Evidence Baseline,1990,18378,0edbd53e4ba8cef99b002a897c6cd829e9ee3e09a1056661c53b18aa3a5a7059
03-DETAILED-VOLUMES/volume-06-commerce-domain-architecture/05-QUOTATION/01-UBIQUITOUS-LANGUAGE-AGGREGATES-AND-STATE.md,03-DETAILED-VOLUMES,"Quotation — Ubiquitous Language, Aggregates, and State",1989,18742,b91ff045f39dd83b9540527f6dd0d47607649b37c5cf98694c6075305a2261d1
03-DETAILED-VOLUMES/volume-06-commerce-domain-architecture/05-QUOTATION/02-COMMANDS-EVENTS-APIS-WORKFLOWS-AND-TOOLS.md,03-DETAILED-VOLUMES,"Quotation — Commands, Events, APIs, Workflows, and Tools",1993,18709,b8d4b2490d767bff9c9151d3ad50408b481a2646816969eade671a83a81f5e97
03-DETAILED-VOLUMES/volume-06-commerce-domain-architecture/05-QUOTATION/03-DATA-TABLES-MIGRATIONS-LINEAGE-AND-RECONCILIATION.md,03-DETAILED-VOLUMES,"Quotation — Data, Tables, Migrations, Lineage, and Reconciliation",1993,18560,16634b995fc6f18625d8340532fdc0d8269144c1a090d9362e4057c2fbd40e65
03-DETAILED-VOLUMES/volume-06-commerce-domain-architecture/05-QUOTATION/04-PORTALS-AI-SECURITY-SLOS-TESTS-AND-OPERATIONS.md,03-DETAILED-VOLUMES,"Quotation — Portals, AI, Security, SLOs, Tests, and Operations",1991,18828,7278f22f62a3940a4f17fbc5a981f68a67ce3dc5404cd3f4be5ef64e9c467f1c
03-DETAILED-VOLUMES/volume-06-commerce-domain-architecture/06-CONTRACT/00-ORIENTATION-AND-EVIDENCE-BASELINE.md,03-DETAILED-VOLUMES,Contract — Orientation and Evidence Baseline,1990,18328,97b07b4f64962f4003e663fb013667ba2e7a14e26aefd0a52fd3355f9a8787eb
03-DETAILED-VOLUMES/volume-06-commerce-domain-architecture/06-CONTRACT/01-UBIQUITOUS-LANGUAGE-AGGREGATES-AND-STATE.md,03-DETAILED-VOLUMES,"Contract — Ubiquitous Language, Aggregates, and State",1989,18692,dbe3531291b26a91027c4a3d4307a31aebcd23f8654628e271f7471779c82612
03-DETAILED-VOLUMES/volume-06-commerce-domain-architecture/06-CONTRACT/02-COMMANDS-EVENTS-APIS-WORKFLOWS-AND-TOOLS.md,03-DETAILED-VOLUMES,"Contract — Commands, Events, APIs, Workflows, and Tools",1993,18659,1af4fd78c756844279f004c13dccf6f4cfe596b82a2e6e30b16dcd809056e928
03-DETAILED-VOLUMES/volume-06-commerce-domain-architecture/06-CONTRACT/03-DATA-TABLES-MIGRATIONS-LINEAGE-AND-RECONCILIATION.md,03-DETAILED-VOLUMES,"Contract — Data, Tables, Migrations, Lineage, and Reconciliation",1993,18510,e4bada46f0d82e58b2a1609429761830a69dc498041cf9d70adf2cad9b29eddb
03-DETAILED-VOLUMES/volume-06-commerce-domain-architecture/06-CONTRACT/04-PORTALS-AI-SECURITY-SLOS-TESTS-AND-OPERATIONS.md,03-DETAILED-VOLUMES,"Contract — Portals, AI, Security, SLOs, Tests, and Operations",1991,18778,4c6cf630707f3bb4901b828697e22f5a3150aa0e6accea4dd8ec286d66c36ea1
03-DETAILED-VOLUMES/volume-06-commerce-domain-architecture/07-PROFORMA-INVOICE/00-ORIENTATION-AND-EVIDENCE-BASELINE.md,03-DETAILED-VOLUMES,Proforma Invoice — Orientation and Evidence Baseline,1995,18683,6ec5c640f0bbbef113ca1086a8efb42dde03ed278eb9007dacd178438e0187d8
03-DETAILED-VOLUMES/volume-06-commerce-domain-architecture/07-PROFORMA-INVOICE/01-UBIQUITOUS-LANGUAGE-AGGREGATES-AND-STATE.md,03-DETAILED-VOLUMES,"Proforma Invoice — Ubiquitous Language, Aggregates, and State",1994,19047,4246c48f2a80f4b7e80472a9a937de1fa2272a6b2c02dde5cb37c2bb832c6a72
03-DETAILED-VOLUMES/volume-06-commerce-domain-architecture/07-PROFORMA-INVOICE/02-COMMANDS-EVENTS-APIS-WORKFLOWS-AND-TOOLS.md,03-DETAILED-VOLUMES,"Proforma Invoice — Commands, Events, APIs, Workflows, and Tools",1998,19014,1a0c39b35341089c6cf3346225794bc9d9f1291433979d8f35a0114aa7dbab0e
03-DETAILED-VOLUMES/volume-06-commerce-domain-architecture/07-PROFORMA-INVOICE/03-DATA-TABLES-MIGRATIONS-LINEAGE-AND-RECONCILIATION.md,03-DETAILED-VOLUMES,"Proforma Invoice — Data, Tables, Migrations, Lineage, and Reconciliation",1998,18865,506f67014e9e33833b7a7df47f0890aa3c554d8c5ed981ed01951e97bd606b0a
03-DETAILED-VOLUMES/volume-06-commerce-domain-architecture/07-PROFORMA-INVOICE/04-PORTALS-AI-SECURITY-SLOS-TESTS-AND-OPERATIONS.md,03-DETAILED-VOLUMES,"Proforma Invoice — Portals, AI, Security, SLOs, Tests, and Operations",1996,19133,d3059b80eccb6d663b159d6fb3eed37545841f58bd2fce8d2d5162476efbc703
03-DETAILED-VOLUMES/volume-06-commerce-domain-architecture/08-PURCHASE-ORDER/00-ORIENTATION-AND-EVIDENCE-BASELINE.md,03-DETAILED-VOLUMES,Purchase Order — Orientation and Evidence Baseline,1995,18583,a7c6fe3da97fba086572a5072d9f285b19cc017cde31fcdd400b7111f287e1cc
03-DETAILED-VOLUMES/volume-06-commerce-domain-architecture/08-PURCHASE-ORDER/01-UBIQUITOUS-LANGUAGE-AGGREGATES-AND-STATE.md,03-DETAILED-VOLUMES,"Purchase Order — Ubiquitous Language, Aggregates, and State",1994,18947,2d83a55eba5276949165098d870907e57049f65f174ee0fa3a26420695cc5fe4
03-DETAILED-VOLUMES/volume-06-commerce-domain-architecture/08-PURCHASE-ORDER/02-COMMANDS-EVENTS-APIS-WORKFLOWS-AND-TOOLS.md,03-DETAILED-VOLUMES,"Purchase Order — Commands, Events, APIs, Workflows, and Tools",1998,18914,50d86402679cf2d2120cd15500fec586445ec7bb0232eae67e8b7417448d1bb8
03-DETAILED-VOLUMES/volume-06-commerce-domain-architecture/08-PURCHASE-ORDER/03-DATA-TABLES-MIGRATIONS-LINEAGE-AND-RECONCILIATION.md,03-DETAILED-VOLUMES,"Purchase Order — Data, Tables, Migrations, Lineage, and Reconciliation",1998,18765,b964b9b8992c93187edc8d738c0003a2faa78aa010484184a02dc37fc8ab7db7
03-DETAILED-VOLUMES/volume-06-commerce-domain-architecture/08-PURCHASE-ORDER/04-PORTALS-AI-SECURITY-SLOS-TESTS-AND-OPERATIONS.md,03-DETAILED-VOLUMES,"Purchase Order — Portals, AI, Security, SLOs, Tests, and Operations",1996,19033,a3c77bd4c4e7b68a1c915823a639d379d06707790dbc7a90ca60bba9d39465ee
03-DETAILED-VOLUMES/volume-06-commerce-domain-architecture/09-WALLET/00-ORIENTATION-AND-EVIDENCE-BASELINE.md,03-DETAILED-VOLUMES,Wallet — Orientation and Evidence Baseline,1990,18228,71d1e8d7c80db7ad70c9e5d7f8b8fac916eb67bcc8baa78c95fcb7f39ed0ba31
03-DETAILED-VOLUMES/volume-06-commerce-domain-architecture/09-WALLET/01-UBIQUITOUS-LANGUAGE-AGGREGATES-AND-STATE.md,03-DETAILED-VOLUMES,"Wallet — Ubiquitous Language, Aggregates, and State",1989,18592,2731018d394641499057f7bfa26066d38a2acb1dc61edc1f9e5f3fb2ea835ec6
03-DETAILED-VOLUMES/volume-06-commerce-domain-architecture/09-WALLET/02-COMMANDS-EVENTS-APIS-WORKFLOWS-AND-TOOLS.md,03-DETAILED-VOLUMES,"Wallet — Commands, Events, APIs, Workflows, and Tools",1993,18559,0546fe9ef5be342470331d10e47fd845f7cc3f893dc21adebd3700f8b3e35ffb
03-DETAILED-VOLUMES/volume-06-commerce-domain-architecture/09-WALLET/03-DATA-TABLES-MIGRATIONS-LINEAGE-AND-RECONCILIATION.md,03-DETAILED-VOLUMES,"Wallet — Data, Tables, Migrations, Lineage, and Reconciliation",1993,18410,9b8120dad6b71501d6bbfda1116f7003411828782dd976a66ef4d04f58d2a71c
03-DETAILED-VOLUMES/volume-06-commerce-domain-architecture/09-WALLET/04-PORTALS-AI-SECURITY-SLOS-TESTS-AND-OPERATIONS.md,03-DETAILED-VOLUMES,"Wallet — Portals, AI, Security, SLOs, Tests, and Operations",1991,18678,7ed36a5f59b73043960ea4f6c18423de5ce359625efe9a9054300843ffb029a1
03-DETAILED-VOLUMES/volume-06-commerce-domain-architecture/10-BILLING/00-ORIENTATION-AND-EVIDENCE-BASELINE.md,03-DETAILED-VOLUMES,Billing — Orientation and Evidence Baseline,1990,18278,9dede8b5e758c05aedcae919709605c0dc9d6ccd494d80742696f2d13e2a6d4d
03-DETAILED-VOLUMES/volume-06-commerce-domain-architecture/10-BILLING/01-UBIQUITOUS-LANGUAGE-AGGREGATES-AND-STATE.md,03-DETAILED-VOLUMES,"Billing — Ubiquitous Language, Aggregates, and State",1989,18642,f7d0082130f0739c081e370569edb30aee071822adccee7c363553128cc67535
03-DETAILED-VOLUMES/volume-06-commerce-domain-architecture/10-BILLING/02-COMMANDS-EVENTS-APIS-WORKFLOWS-AND-TOOLS.md,03-DETAILED-VOLUMES,"Billing — Commands, Events, APIs, Workflows, and Tools",1993,18609,07a72d0f3b072f2abb5b0784f9d7ecff52464e76106a847769a5734c6b8f2d02
03-DETAILED-VOLUMES/volume-06-commerce-domain-architecture/10-BILLING/03-DATA-TABLES-MIGRATIONS-LINEAGE-AND-RECONCILIATION.md,03-DETAILED-VOLUMES,"Billing — Data, Tables, Migrations, Lineage, and Reconciliation",1993,18460,c2dbf6c921d6e86ab117a316900637ca9518dee2a4e2f49ddc6bb6ff919d9648
03-DETAILED-VOLUMES/volume-06-commerce-domain-architecture/10-BILLING/04-PORTALS-AI-SECURITY-SLOS-TESTS-AND-OPERATIONS.md,03-DETAILED-VOLUMES,"Billing — Portals, AI, Security, SLOs, Tests, and Operations",1991,18728,d33c611cd5423e7334a01ac6a25d810f5be2a0719674b6e1069f9516e8159610
03-DETAILED-VOLUMES/volume-06-commerce-domain-architecture/11-FINANCE-CONTROL/00-ORIENTATION-AND-EVIDENCE-BASELINE.md,03-DETAILED-VOLUMES,Finance Control — Orientation and Evidence Baseline,1995,18633,fede3a6a166cb60a0c57305a290cb279ed4e44b2fc60696c45ae6358b69a02db
03-DETAILED-VOLUMES/volume-06-commerce-domain-architecture/11-FINANCE-CONTROL/01-UBIQUITOUS-LANGUAGE-AGGREGATES-AND-STATE.md,03-DETAILED-VOLUMES,"Finance Control — Ubiquitous Language, Aggregates, and State",1994,18997,62fda3d89dd6d90046d7041f69445c47700516fe085476bf05510cea1ea7e204
03-DETAILED-VOLUMES/volume-06-commerce-domain-architecture/11-FINANCE-CONTROL/02-COMMANDS-EVENTS-APIS-WORKFLOWS-AND-TOOLS.md,03-DETAILED-VOLUMES,"Finance Control — Commands, Events, APIs, Workflows, and Tools",1998,18964,4203032e31f8368a4303b2b45464862862e87b0e3f3c1aa426a5837bd492cb60
03-DETAILED-VOLUMES/volume-06-commerce-domain-architecture/11-FINANCE-CONTROL/03-DATA-TABLES-MIGRATIONS-LINEAGE-AND-RECONCILIATION.md,03-DETAILED-VOLUMES,"Finance Control — Data, Tables, Migrations, Lineage, and Reconciliation",1998,18815,e54c20c185f985f22f69858d5dfe8908b64c427a6e02bcc614e5103e6a58e46b
03-DETAILED-VOLUMES/volume-06-commerce-domain-architecture/11-FINANCE-CONTROL/04-PORTALS-AI-SECURITY-SLOS-TESTS-AND-OPERATIONS.md,03-DETAILED-VOLUMES,"Finance Control — Portals, AI, Security, SLOs, Tests, and Operations",1996,19083,98d6a0f6d79714d66b1ec0048bec1c48b5795bcace4f6689345dc55c32e9beb1
03-DETAILED-VOLUMES/volume-06-commerce-domain-architecture/12-RETURNS/00-ORIENTATION-AND-EVIDENCE-BASELINE.md,03-DETAILED-VOLUMES,Returns — Orientation and Evidence Baseline,1990,18278,7c93c68518d0ddfa24f7c8cc780e425a9c35b3b252c1b04b6939b4642ca4cb93
03-DETAILED-VOLUMES/volume-06-commerce-domain-architecture/12-RETURNS/01-UBIQUITOUS-LANGUAGE-AGGREGATES-AND-STATE.md,03-DETAILED-VOLUMES,"Returns — Ubiquitous Language, Aggregates, and State",1989,18642,b05ce9cf1571eeca7e9ccbaf8f9ea24da318a6de047348b688f96a1521d37a37
03-DETAILED-VOLUMES/volume-06-commerce-domain-architecture/12-RETURNS/02-COMMANDS-EVENTS-APIS-WORKFLOWS-AND-TOOLS.md,03-DETAILED-VOLUMES,"Returns — Commands, Events, APIs, Workflows, and Tools",1993,18609,aaec1e411f10a5ba0901dcfc9cc2adf019ebc73e990154884b4b1fc12ea3ffed
03-DETAILED-VOLUMES/volume-06-commerce-domain-architecture/12-RETURNS/03-DATA-TABLES-MIGRATIONS-LINEAGE-AND-RECONCILIATION.md,03-DETAILED-VOLUMES,"Returns — Data, Tables, Migrations, Lineage, and Reconciliation",1993,18460,0d7065fbbe0052cfd23efb2e65c5ed024339ef8d5a8061e3ddf937a8e9827de3
03-DETAILED-VOLUMES/volume-06-commerce-domain-architecture/12-RETURNS/04-PORTALS-AI-SECURITY-SLOS-TESTS-AND-OPERATIONS.md,03-DETAILED-VOLUMES,"Returns — Portals, AI, Security, SLOs, Tests, and Operations",1991,18728,11c1b6fdcdde4e88b0ef5ea80edc796b899f76379b4ccc05313c1ec43ff00620
03-DETAILED-VOLUMES/volume-06-commerce-domain-architecture/13-MANUFACTURING/00-ORIENTATION-AND-EVIDENCE-BASELINE.md,03-DETAILED-VOLUMES,Manufacturing — Orientation and Evidence Baseline,1990,18578,bbbcd871c4e453f84bda5d20d8f1b40bf7752ac1cf6473eb9bb5fa8f031e4f11
03-DETAILED-VOLUMES/volume-06-commerce-domain-architecture/13-MANUFACTURING/01-UBIQUITOUS-LANGUAGE-AGGREGATES-AND-STATE.md,03-DETAILED-VOLUMES,"Manufacturing — Ubiquitous Language, Aggregates, and State",1989,18942,b7add5d7eb916985f11135fdf3ccecf168a34ba77058220fbd805e93e0f8fd62
03-DETAILED-VOLUMES/volume-06-commerce-domain-architecture/13-MANUFACTURING/02-COMMANDS-EVENTS-APIS-WORKFLOWS-AND-TOOLS.md,03-DETAILED-VOLUMES,"Manufacturing — Commands, Events, APIs, Workflows, and Tools",1993,18909,0ad5f4957cc061cd15d5398f1a6fbbc6b620f76360eedd2e2aa3540137659804
03-DETAILED-VOLUMES/volume-06-commerce-domain-architecture/13-MANUFACTURING/03-DATA-TABLES-MIGRATIONS-LINEAGE-AND-RECONCILIATION.md,03-DETAILED-VOLUMES,"Manufacturing — Data, Tables, Migrations, Lineage, and Reconciliation",1993,18760,5b7ad71e367d504b4f6d2da53e3e58f198ab903d5b54b0b51b9014ab78013bba
03-DETAILED-VOLUMES/volume-06-commerce-domain-architecture/13-MANUFACTURING/04-PORTALS-AI-SECURITY-SLOS-TESTS-AND-OPERATIONS.md,03-DETAILED-VOLUMES,"Manufacturing — Portals, AI, Security, SLOs, Tests, and Operations",1991,19028,2c43d379d581cc08a4dd25ccc374a388efd96c91492b8eccca9dec4af8bfef1f
03-DETAILED-VOLUMES/volume-06-commerce-domain-architecture/14-TAJERESTAN-TRADE-CORE/00-ORIENTATION-AND-EVIDENCE-BASELINE.md,03-DETAILED-VOLUMES,Tajerestan Trade Core — Orientation and Evidence Baseline,2000,18888,d09961618fc28e0f6423f7eec5b0ab14c1613410f8587f499f4747f6885c902a
03-DETAILED-VOLUMES/volume-06-commerce-domain-architecture/14-TAJERESTAN-TRADE-CORE/01-UBIQUITOUS-LANGUAGE-AGGREGATES-AND-STATE.md,03-DETAILED-VOLUMES,"Tajerestan Trade Core — Ubiquitous Language, Aggregates, and State",1999,19252,83782a74e8ac446134c04cca87bf9e018a79f724663a195cf0e1291daff111c1
03-DETAILED-VOLUMES/volume-06-commerce-domain-architecture/14-TAJERESTAN-TRADE-CORE/02-COMMANDS-EVENTS-APIS-WORKFLOWS-AND-TOOLS.md,03-DETAILED-VOLUMES,"Tajerestan Trade Core — Commands, Events, APIs, Workflows, and Tools",2003,19219,da8ebeb1089038af7fcaf76f06b80af2b8d2bf6f81686dd693a454cdb56d9ac2
03-DETAILED-VOLUMES/volume-06-commerce-domain-architecture/14-TAJERESTAN-TRADE-CORE/03-DATA-TABLES-MIGRATIONS-LINEAGE-AND-RECONCILIATION.md,03-DETAILED-VOLUMES,"Tajerestan Trade Core — Data, Tables, Migrations, Lineage, and Reconciliation",2003,19070,4e894a4669bd770f459675820fba86f3d9c7b10a47effb971d670c05c0a737f9
03-DETAILED-VOLUMES/volume-06-commerce-domain-architecture/14-TAJERESTAN-TRADE-CORE/04-PORTALS-AI-SECURITY-SLOS-TESTS-AND-OPERATIONS.md,03-DETAILED-VOLUMES,"Tajerestan Trade Core — Portals, AI, Security, SLOs, Tests, and Operations",2001,19338,459420fea91915e84d34080819c1decf92fbc3ddcd9b74403018c4f0526e0b87
03-DETAILED-VOLUMES/volume-06-commerce-domain-architecture/99-COMMERCE-DOMAIN-MAP.md,03-DETAILED-VOLUMES,Commerce Domain Map and Ownership Matrix,1996,18475,17dfadc7bdb905e3be319cc89529ec1d1ff7e6f41d63d42de39442a2601fa27f
03-DETAILED-VOLUMES/volume-07-fulfilment-supply-chain-domain-architecture/01-SUPPLIER/00-ORIENTATION-AND-EVIDENCE-BASELINE.md,03-DETAILED-VOLUMES,Supplier — Orientation and Evidence Baseline,1992,18336,ccfc9c54b9d13c9734829c28d9c23a8f14bfc87809bdb31e2053dd5ff26bacfe
03-DETAILED-VOLUMES/volume-07-fulfilment-supply-chain-domain-architecture/01-SUPPLIER/01-UBIQUITOUS-LANGUAGE-AGGREGATES-AND-STATE.md,03-DETAILED-VOLUMES,"Supplier — Ubiquitous Language, Aggregates, and State",1991,18700,b2a1c92a311cc4dba2ac912731e793cc392c62955552a93a3d95670bbd20a176
03-DETAILED-VOLUMES/volume-07-fulfilment-supply-chain-domain-architecture/01-SUPPLIER/02-COMMANDS-EVENTS-APIS-WORKFLOWS-AND-TOOLS.md,03-DETAILED-VOLUMES,"Supplier — Commands, Events, APIs, Workflows, and Tools",1995,18667,bc7029e4da733c73422a723a5f8b8cca226984c18a8cf2d484916c001a10cf9d
03-DETAILED-VOLUMES/volume-07-fulfilment-supply-chain-domain-architecture/01-SUPPLIER/03-DATA-TABLES-MIGRATIONS-LINEAGE-AND-RECONCILIATION.md,03-DETAILED-VOLUMES,"Supplier — Data, Tables, Migrations, Lineage, and Reconciliation",1995,18518,958ae45a962766b5fcda809751d9c266f7864f3ddb0c409e658a6f76e96465f4
03-DETAILED-VOLUMES/volume-07-fulfilment-supply-chain-domain-architecture/01-SUPPLIER/04-PORTALS-AI-SECURITY-SLOS-TESTS-AND-OPERATIONS.md,03-DETAILED-VOLUMES,"Supplier — Portals, AI, Security, SLOs, Tests, and Operations",1993,18786,11cefc7e648937fb3904e09d658f798062f37328d7acf5e5b91a9437dd1ba164
03-DETAILED-VOLUMES/volume-07-fulfilment-supply-chain-domain-architecture/02-PROVIDER/00-ORIENTATION-AND-EVIDENCE-BASELINE.md,03-DETAILED-VOLUMES,Provider — Orientation and Evidence Baseline,1992,18336,546a1e87df4ff4a9fe7366ca90199cb4f1c7ede9e556e3f71d0b71718d13ec34
03-DETAILED-VOLUMES/volume-07-fulfilment-supply-chain-domain-architecture/02-PROVIDER/01-UBIQUITOUS-LANGUAGE-AGGREGATES-AND-STATE.md,03-DETAILED-VOLUMES,"Provider — Ubiquitous Language, Aggregates, and State",1991,18700,86e8e44456b131bbe333e756ffc08185926dd854e2ecf43518a892d5583b66a2
03-DETAILED-VOLUMES/volume-07-fulfilment-supply-chain-domain-architecture/02-PROVIDER/02-COMMANDS-EVENTS-APIS-WORKFLOWS-AND-TOOLS.md,03-DETAILED-VOLUMES,"Provider — Commands, Events, APIs, Workflows, and Tools",1995,18667,46ef74292e74402b758d30b60a0b27c980f36ee87f8da7120dc7560862702ae1
03-DETAILED-VOLUMES/volume-07-fulfilment-supply-chain-domain-architecture/02-PROVIDER/03-DATA-TABLES-MIGRATIONS-LINEAGE-AND-RECONCILIATION.md,03-DETAILED-VOLUMES,"Provider — Data, Tables, Migrations, Lineage, and Reconciliation",1995,18518,5e9d52ec34580b445d29b5af67e2b2d5d52ce0c817c2f029e30c8007da82d89f
03-DETAILED-VOLUMES/volume-07-fulfilment-supply-chain-domain-architecture/02-PROVIDER/04-PORTALS-AI-SECURITY-SLOS-TESTS-AND-OPERATIONS.md,03-DETAILED-VOLUMES,"Provider — Portals, AI, Security, SLOs, Tests, and Operations",1993,18786,04e897379fdd37e9e9455e5562b11f97c5a6bb494fa3e48224b26138b15c1be6
03-DETAILED-VOLUMES/volume-07-fulfilment-supply-chain-domain-architecture/03-CUSTOMER/00-ORIENTATION-AND-EVIDENCE-BASELINE.md,03-DETAILED-VOLUMES,Customer — Orientation and Evidence Baseline,1992,18336,8ab33b124bfa8ae9bccd245e0cc62cd758bdd5bcd67260145f50ccf9637321bb
03-DETAILED-VOLUMES/volume-07-fulfilment-supply-chain-domain-architecture/03-CUSTOMER/01-UBIQUITOUS-LANGUAGE-AGGREGATES-AND-STATE.md,03-DETAILED-VOLUMES,"Customer — Ubiquitous Language, Aggregates, and State",1991,18700,1a8651126582affa0a00aac2d4ad0720d8448fe2e52b81fa94c30775e3df0ce6
03-DETAILED-VOLUMES/volume-07-fulfilment-supply-chain-domain-architecture/03-CUSTOMER/02-COMMANDS-EVENTS-APIS-WORKFLOWS-AND-TOOLS.md,03-DETAILED-VOLUMES,"Customer — Commands, Events, APIs, Workflows, and Tools",1995,18667,7056f618e62277adb22e1d5a1fe9e1355e4c260b271b25096e23c8bebc577b9f
03-DETAILED-VOLUMES/volume-07-fulfilment-supply-chain-domain-architecture/03-CUSTOMER/03-DATA-TABLES-MIGRATIONS-LINEAGE-AND-RECONCILIATION.md,03-DETAILED-VOLUMES,"Customer — Data, Tables, Migrations, Lineage, and Reconciliation",1995,18518,e72d63d17442333cd2eebca61c7f6ff88ef0457a4bc9a4badc7a5583dae5f94d
03-DETAILED-VOLUMES/volume-07-fulfilment-supply-chain-domain-architecture/03-CUSTOMER/04-PORTALS-AI-SECURITY-SLOS-TESTS-AND-OPERATIONS.md,03-DETAILED-VOLUMES,"Customer — Portals, AI, Security, SLOs, Tests, and Operations",1993,18786,f66d5da656346ad53852f6de52b1787eb669b5d34fe0f6e3e2b2e88eb7af3286
03-DETAILED-VOLUMES/volume-07-fulfilment-supply-chain-domain-architecture/04-CRM/00-ORIENTATION-AND-EVIDENCE-BASELINE.md,03-DETAILED-VOLUMES,CRM — Orientation and Evidence Baseline,1992,18086,f71165c190677af773214fd8916ba0ee40f1f91f4cb29545f452c4e822f958ff
03-DETAILED-VOLUMES/volume-07-fulfilment-supply-chain-domain-architecture/04-CRM/01-UBIQUITOUS-LANGUAGE-AGGREGATES-AND-STATE.md,03-DETAILED-VOLUMES,"CRM — Ubiquitous Language, Aggregates, and State",1991,18450,4356b07c33d890c7768fdf7301fe8b7688ca8d09e77b6d5476e3e2515d2d565c
03-DETAILED-VOLUMES/volume-07-fulfilment-supply-chain-domain-architecture/04-CRM/02-COMMANDS-EVENTS-APIS-WORKFLOWS-AND-TOOLS.md,03-DETAILED-VOLUMES,"CRM — Commands, Events, APIs, Workflows, and Tools",1995,18417,c2768bab535f543d4157d4b693f51c47639704c670a6e4404f219413b82a4923
03-DETAILED-VOLUMES/volume-07-fulfilment-supply-chain-domain-architecture/04-CRM/03-DATA-TABLES-MIGRATIONS-LINEAGE-AND-RECONCILIATION.md,03-DETAILED-VOLUMES,"CRM — Data, Tables, Migrations, Lineage, and Reconciliation",1995,18268,f57b45619925149e524c956ef8cc0755d022fdbb011a33f17092d674253f1282
03-DETAILED-VOLUMES/volume-07-fulfilment-supply-chain-domain-architecture/04-CRM/04-PORTALS-AI-SECURITY-SLOS-TESTS-AND-OPERATIONS.md,03-DETAILED-VOLUMES,"CRM — Portals, AI, Security, SLOs, Tests, and Operations",1993,18536,b9c937c7399a4b631c55a9ec5eb3c1435bf652793d2e3bef0262a54d8e7f116b
03-DETAILED-VOLUMES/volume-07-fulfilment-supply-chain-domain-architecture/05-INVENTORY/00-ORIENTATION-AND-EVIDENCE-BASELINE.md,03-DETAILED-VOLUMES,Inventory — Orientation and Evidence Baseline,1992,18386,e442f35f8c0b3a232888b3ac5a63ddc47c2a4a2a78554081b2dc76b35ef800ef
03-DETAILED-VOLUMES/volume-07-fulfilment-supply-chain-domain-architecture/05-INVENTORY/01-UBIQUITOUS-LANGUAGE-AGGREGATES-AND-STATE.md,03-DETAILED-VOLUMES,"Inventory — Ubiquitous Language, Aggregates, and State",1991,18750,4ab9d275b6061d614f7e2aa850ddce7c3216cd17c83ddc6f29130b23acb970a7
03-DETAILED-VOLUMES/volume-07-fulfilment-supply-chain-domain-architecture/05-INVENTORY/02-COMMANDS-EVENTS-APIS-WORKFLOWS-AND-TOOLS.md,03-DETAILED-VOLUMES,"Inventory — Commands, Events, APIs, Workflows, and Tools",1995,18717,82417b76791eb5d628fa61aeafeaf0ab59a26d1e2381051aa6e3418174e4dfd4
03-DETAILED-VOLUMES/volume-07-fulfilment-supply-chain-domain-architecture/05-INVENTORY/03-DATA-TABLES-MIGRATIONS-LINEAGE-AND-RECONCILIATION.md,03-DETAILED-VOLUMES,"Inventory — Data, Tables, Migrations, Lineage, and Reconciliation",1995,18568,9e122fb96ca080623e41277bbf00f4946205ad7644d603604ffe267abc636e87
03-DETAILED-VOLUMES/volume-07-fulfilment-supply-chain-domain-architecture/05-INVENTORY/04-PORTALS-AI-SECURITY-SLOS-TESTS-AND-OPERATIONS.md,03-DETAILED-VOLUMES,"Inventory — Portals, AI, Security, SLOs, Tests, and Operations",1993,18836,436ed8226bbcab480cfef1a1e48227fb89d20bee0f08b09142505d447ff0f807
03-DETAILED-VOLUMES/volume-07-fulfilment-supply-chain-domain-architecture/06-WAREHOUSE/00-ORIENTATION-AND-EVIDENCE-BASELINE.md,03-DETAILED-VOLUMES,Warehouse — Orientation and Evidence Baseline,1992,18386,57c04f0bfba3035d86c4a1681b5cc4a14dd487d6f6c18e84e257a629a6549773
03-DETAILED-VOLUMES/volume-07-fulfilment-supply-chain-domain-architecture/06-WAREHOUSE/01-UBIQUITOUS-LANGUAGE-AGGREGATES-AND-STATE.md,03-DETAILED-VOLUMES,"Warehouse — Ubiquitous Language, Aggregates, and State",1991,18750,79160b8197dda46c0c4c0692e4eee5f80ff27d0af480eeb128bbc7f374f9a40b
03-DETAILED-VOLUMES/volume-07-fulfilment-supply-chain-domain-architecture/06-WAREHOUSE/02-COMMANDS-EVENTS-APIS-WORKFLOWS-AND-TOOLS.md,03-DETAILED-VOLUMES,"Warehouse — Commands, Events, APIs, Workflows, and Tools",1995,18717,2bbd05e84ecae1b743807b27bb813ffedf79dd25e90cd18f48d7602bdc714319
03-DETAILED-VOLUMES/volume-07-fulfilment-supply-chain-domain-architecture/06-WAREHOUSE/03-DATA-TABLES-MIGRATIONS-LINEAGE-AND-RECONCILIATION.md,03-DETAILED-VOLUMES,"Warehouse — Data, Tables, Migrations, Lineage, and Reconciliation",1995,18568,341d207eb22502bccd56669e849ada4b43e37f94174eb1cfb92ec83c1f3d4a85
03-DETAILED-VOLUMES/volume-07-fulfilment-supply-chain-domain-architecture/06-WAREHOUSE/04-PORTALS-AI-SECURITY-SLOS-TESTS-AND-OPERATIONS.md,03-DETAILED-VOLUMES,"Warehouse — Portals, AI, Security, SLOs, Tests, and Operations",1993,18836,ff2a3a63822b2c9e85f48708fe571180668e804f3f8f2c39d4748eb4a7478c2f
03-DETAILED-VOLUMES/volume-07-fulfilment-supply-chain-domain-architecture/07-SHIPPING/00-ORIENTATION-AND-EVIDENCE-BASELINE.md,03-DETAILED-VOLUMES,Shipping — Orientation and Evidence Baseline,1992,18336,ae7dc32444d9db1e734c34843d0fb46b96fa46012a1abbaec5b73707a88c5ee8
03-DETAILED-VOLUMES/volume-07-fulfilment-supply-chain-domain-architecture/07-SHIPPING/01-UBIQUITOUS-LANGUAGE-AGGREGATES-AND-STATE.md,03-DETAILED-VOLUMES,"Shipping — Ubiquitous Language, Aggregates, and State",1991,18700,75e3cccb074e6eb1d66ff1a8e80ea69ec65bcf1fc24b51c8b57572e60bfb0bec
03-DETAILED-VOLUMES/volume-07-fulfilment-supply-chain-domain-architecture/07-SHIPPING/02-COMMANDS-EVENTS-APIS-WORKFLOWS-AND-TOOLS.md,03-DETAILED-VOLUMES,"Shipping — Commands, Events, APIs, Workflows, and Tools",1995,18667,0cf61030570d50611dbd5d010805dfbf34b43258cd02d49e888f6f2d882bae35
03-DETAILED-VOLUMES/volume-07-fulfilment-supply-chain-domain-architecture/07-SHIPPING/03-DATA-TABLES-MIGRATIONS-LINEAGE-AND-RECONCILIATION.md,03-DETAILED-VOLUMES,"Shipping — Data, Tables, Migrations, Lineage, and Reconciliation",1995,18518,22d34d3a0f6099eaed877023e9a7f26f220ad4ac5481c2345ee992b4460961c5
03-DETAILED-VOLUMES/volume-07-fulfilment-supply-chain-domain-architecture/07-SHIPPING/04-PORTALS-AI-SECURITY-SLOS-TESTS-AND-OPERATIONS.md,03-DETAILED-VOLUMES,"Shipping — Portals, AI, Security, SLOs, Tests, and Operations",1993,18786,9024a9228c85e649f30cece631a81e5eb152fc9059c833f8247bea38d200bb78
03-DETAILED-VOLUMES/volume-07-fulfilment-supply-chain-domain-architecture/08-REGULATORY/00-ORIENTATION-AND-EVIDENCE-BASELINE.md,03-DETAILED-VOLUMES,Regulatory — Orientation and Evidence Baseline,1992,18436,b2f5de0167bce8b6a31e77f4b7ccf3dbca372914b381d00c2b6916bb4f80a8df
03-DETAILED-VOLUMES/volume-07-fulfilment-supply-chain-domain-architecture/08-REGULATORY/01-UBIQUITOUS-LANGUAGE-AGGREGATES-AND-STATE.md,03-DETAILED-VOLUMES,"Regulatory — Ubiquitous Language, Aggregates, and State",1991,18800,6cf49e2671b6ec4d0402a4f8026e889ce8fec914c27ca538e226973a56ff97f3
03-DETAILED-VOLUMES/volume-07-fulfilment-supply-chain-domain-architecture/08-REGULATORY/02-COMMANDS-EVENTS-APIS-WORKFLOWS-AND-TOOLS.md,03-DETAILED-VOLUMES,"Regulatory — Commands, Events, APIs, Workflows, and Tools",1995,18767,503cef1547a8b9cecb436c4defa9b31b40d864d16e4b0d3649c28a896bc3d360
03-DETAILED-VOLUMES/volume-07-fulfilment-supply-chain-domain-architecture/08-REGULATORY/03-DATA-TABLES-MIGRATIONS-LINEAGE-AND-RECONCILIATION.md,03-DETAILED-VOLUMES,"Regulatory — Data, Tables, Migrations, Lineage, and Reconciliation",1995,18618,9025c1df80b0f12f1aed0d20e81a80047524763608af5091c18558da0b05b1df
03-DETAILED-VOLUMES/volume-07-fulfilment-supply-chain-domain-architecture/08-REGULATORY/04-PORTALS-AI-SECURITY-SLOS-TESTS-AND-OPERATIONS.md,03-DETAILED-VOLUMES,"Regulatory — Portals, AI, Security, SLOs, Tests, and Operations",1993,18886,b4bb8664096144ca29bed3567286e4c8b94b393f367c38ea5b0345eecbb3b2cf
03-DETAILED-VOLUMES/volume-07-fulfilment-supply-chain-domain-architecture/09-PRODUCTION-FULFILMENT/00-ORIENTATION-AND-EVIDENCE-BASELINE.md,03-DETAILED-VOLUMES,Production Fulfilment — Orientation and Evidence Baseline,1997,18941,fa7b44c470bc181564dd55b65c9e79ec28fdab0f13dd150180957f29d9f0c36c
03-DETAILED-VOLUMES/volume-07-fulfilment-supply-chain-domain-architecture/09-PRODUCTION-FULFILMENT/01-UBIQUITOUS-LANGUAGE-AGGREGATES-AND-STATE.md,03-DETAILED-VOLUMES,"Production Fulfilment — Ubiquitous Language, Aggregates, and State",1996,19305,df226624ab0b53484992094572c931695ab9ecf9fcf07d3b5712dcf560346e58
03-DETAILED-VOLUMES/volume-07-fulfilment-supply-chain-domain-architecture/09-PRODUCTION-FULFILMENT/02-COMMANDS-EVENTS-APIS-WORKFLOWS-AND-TOOLS.md,03-DETAILED-VOLUMES,"Production Fulfilment — Commands, Events, APIs, Workflows, and Tools",2000,19272,90fd97c91deebc61391e2eccd32ecac08e1c11c6ab929a8ec5d314c06ebf6729
03-DETAILED-VOLUMES/volume-07-fulfilment-supply-chain-domain-architecture/09-PRODUCTION-FULFILMENT/03-DATA-TABLES-MIGRATIONS-LINEAGE-AND-RECONCILIATION.md,03-DETAILED-VOLUMES,"Production Fulfilment — Data, Tables, Migrations, Lineage, and Reconciliation",2000,19123,9fc66c7f62de66a16a333ec13c956cd1c2af479f6d9372fa71abeb876aa295f5
03-DETAILED-VOLUMES/volume-07-fulfilment-supply-chain-domain-architecture/09-PRODUCTION-FULFILMENT/04-PORTALS-AI-SECURITY-SLOS-TESTS-AND-OPERATIONS.md,03-DETAILED-VOLUMES,"Production Fulfilment — Portals, AI, Security, SLOs, Tests, and Operations",1998,19391,7570f03366847eef2b1e9ec510582765b78ff43ee062e2afe7e5fbd281a18ea5
03-DETAILED-VOLUMES/volume-07-fulfilment-supply-chain-domain-architecture/10-ALLOCATION/00-ORIENTATION-AND-EVIDENCE-BASELINE.md,03-DETAILED-VOLUMES,Allocation — Orientation and Evidence Baseline,1992,18436,fcde71660ea2a57764d913249a5f45db46170ec1bea49ac1fc4efda52359171d
03-DETAILED-VOLUMES/volume-07-fulfilment-supply-chain-domain-architecture/10-ALLOCATION/01-UBIQUITOUS-LANGUAGE-AGGREGATES-AND-STATE.md,03-DETAILED-VOLUMES,"Allocation — Ubiquitous Language, Aggregates, and State",1991,18800,f047cbf7c7b5e82e828ef19b819cea9420a25283cc572fc15f9d22818855b4be
03-DETAILED-VOLUMES/volume-07-fulfilment-supply-chain-domain-architecture/10-ALLOCATION/02-COMMANDS-EVENTS-APIS-WORKFLOWS-AND-TOOLS.md,03-DETAILED-VOLUMES,"Allocation — Commands, Events, APIs, Workflows, and Tools",1995,18767,91ca6344693e5f30d000242e6e5fa0de56f452b4f1cd0d88fe801fe499841673
03-DETAILED-VOLUMES/volume-07-fulfilment-supply-chain-domain-architecture/10-ALLOCATION/03-DATA-TABLES-MIGRATIONS-LINEAGE-AND-RECONCILIATION.md,03-DETAILED-VOLUMES,"Allocation — Data, Tables, Migrations, Lineage, and Reconciliation",1995,18618,7ceb4f5ca6b4dd42f7e1831463fe2afc93819dc87a8d804fce157fd15b1f9a75
03-DETAILED-VOLUMES/volume-07-fulfilment-supply-chain-domain-architecture/10-ALLOCATION/04-PORTALS-AI-SECURITY-SLOS-TESTS-AND-OPERATIONS.md,03-DETAILED-VOLUMES,"Allocation — Portals, AI, Security, SLOs, Tests, and Operations",1993,18886,6af353843c1fc889b8408aaceff639fbcac5e918bb09c82048544f678fbd1895
03-DETAILED-VOLUMES/volume-07-fulfilment-supply-chain-domain-architecture/11-PICK-PACK-SHIP/00-ORIENTATION-AND-EVIDENCE-BASELINE.md,03-DETAILED-VOLUMES,Pick Pack Ship — Orientation and Evidence Baseline,2002,18546,afd9859e299c00865ab9a707190bc9a1d5f3f0d0a386fdcad15db2abf2497146
03-DETAILED-VOLUMES/volume-07-fulfilment-supply-chain-domain-architecture/11-PICK-PACK-SHIP/01-UBIQUITOUS-LANGUAGE-AGGREGATES-AND-STATE.md,03-DETAILED-VOLUMES,"Pick Pack Ship — Ubiquitous Language, Aggregates, and State",2001,18910,65b9b34af79834e060ba869e70cd45bc26a31aaebbf8b7cc10d223bb940d0c8f
03-DETAILED-VOLUMES/volume-07-fulfilment-supply-chain-domain-architecture/11-PICK-PACK-SHIP/02-COMMANDS-EVENTS-APIS-WORKFLOWS-AND-TOOLS.md,03-DETAILED-VOLUMES,"Pick Pack Ship — Commands, Events, APIs, Workflows, and Tools",2005,18877,88027832890be8e9e0ff04b938a6f4236a0eb23827e8ca84aaaaf40ff9982c86
03-DETAILED-VOLUMES/volume-07-fulfilment-supply-chain-domain-architecture/11-PICK-PACK-SHIP/03-DATA-TABLES-MIGRATIONS-LINEAGE-AND-RECONCILIATION.md,03-DETAILED-VOLUMES,"Pick Pack Ship — Data, Tables, Migrations, Lineage, and Reconciliation",2005,18728,fe290eeb796cd14309816bba3972a693ddcffc8b189b389d6ab9988a1d6f53f3
03-DETAILED-VOLUMES/volume-07-fulfilment-supply-chain-domain-architecture/11-PICK-PACK-SHIP/04-PORTALS-AI-SECURITY-SLOS-TESTS-AND-OPERATIONS.md,03-DETAILED-VOLUMES,"Pick Pack Ship — Portals, AI, Security, SLOs, Tests, and Operations",2003,18996,1a3ac6d24dcf23c5050fbb4b73356d3ec8577467336c50bb62acd52177d06df7
03-DETAILED-VOLUMES/volume-07-fulfilment-supply-chain-domain-architecture/12-CUSTOMS-AND-BORDER-HANDLING/00-ORIENTATION-AND-EVIDENCE-BASELINE.md,03-DETAILED-VOLUMES,Customs and Border Handling — Orientation and Evidence Baseline,2007,19151,44652333f86af1003c182b75c31f10db039938cb1b7612e9bbf80a92f5709d9e
03-DETAILED-VOLUMES/volume-07-fulfilment-supply-chain-domain-architecture/12-CUSTOMS-AND-BORDER-HANDLING/01-UBIQUITOUS-LANGUAGE-AGGREGATES-AND-STATE.md,03-DETAILED-VOLUMES,"Customs and Border Handling — Ubiquitous Language, Aggregates, and State",2006,19515,ee4debe31db0ba86d95bddb475f89a8bfcd1c44aef4fdd2832c910ceb49e1deb
03-DETAILED-VOLUMES/volume-07-fulfilment-supply-chain-domain-architecture/12-CUSTOMS-AND-BORDER-HANDLING/02-COMMANDS-EVENTS-APIS-WORKFLOWS-AND-TOOLS.md,03-DETAILED-VOLUMES,"Customs and Border Handling — Commands, Events, APIs, Workflows, and Tools",2010,19482,7f406994be852705d7cfe45b80d7f57738511767086b965ca51101f4a7a60bb9
03-DETAILED-VOLUMES/volume-07-fulfilment-supply-chain-domain-architecture/12-CUSTOMS-AND-BORDER-HANDLING/03-DATA-TABLES-MIGRATIONS-LINEAGE-AND-RECONCILIATION.md,03-DETAILED-VOLUMES,"Customs and Border Handling — Data, Tables, Migrations, Lineage, and Reconciliation",2010,19333,20b8b6845497c73bfb21cdeaee43e8be03614a734bd6e83828220f656aac1e09
03-DETAILED-VOLUMES/volume-07-fulfilment-supply-chain-domain-architecture/12-CUSTOMS-AND-BORDER-HANDLING/04-PORTALS-AI-SECURITY-SLOS-TESTS-AND-OPERATIONS.md,03-DETAILED-VOLUMES,"Customs and Border Handling — Portals, AI, Security, SLOs, Tests, and Operations",2008,19601,02f61813926b851d758effc64c75c86881c79f4b457dbe5fa1cc77b1a3deab19
03-DETAILED-VOLUMES/volume-07-fulfilment-supply-chain-domain-architecture/13-EXCEPTIONS-AND-CLAIMS/00-ORIENTATION-AND-EVIDENCE-BASELINE.md,03-DETAILED-VOLUMES,Exceptions and Claims — Orientation and Evidence Baseline,2002,18896,92be4e6bd403e39f4a991be99a01cca1107914934ee0fc7318ce6e9b14c87b18
03-DETAILED-VOLUMES/volume-07-fulfilment-supply-chain-domain-architecture/13-EXCEPTIONS-AND-CLAIMS/01-UBIQUITOUS-LANGUAGE-AGGREGATES-AND-STATE.md,03-DETAILED-VOLUMES,"Exceptions and Claims — Ubiquitous Language, Aggregates, and State",2001,19260,b69eaae6830c8766fa6a2342775caad226f86fb1adcfd1dd1dd994933efdfba4
03-DETAILED-VOLUMES/volume-07-fulfilment-supply-chain-domain-architecture/13-EXCEPTIONS-AND-CLAIMS/02-COMMANDS-EVENTS-APIS-WORKFLOWS-AND-TOOLS.md,03-DETAILED-VOLUMES,"Exceptions and Claims — Commands, Events, APIs, Workflows, and Tools",2005,19227,ae949fca7220be9ea2cd78737578abd2a63b24ac6194a59b033e1ccb903846f6
03-DETAILED-VOLUMES/volume-07-fulfilment-supply-chain-domain-architecture/13-EXCEPTIONS-AND-CLAIMS/03-DATA-TABLES-MIGRATIONS-LINEAGE-AND-RECONCILIATION.md,03-DETAILED-VOLUMES,"Exceptions and Claims — Data, Tables, Migrations, Lineage, and Reconciliation",2005,19078,f057ae882551ca36a7c59c14061d2d8dd249bdb84c9b068eee8555b159490372
03-DETAILED-VOLUMES/volume-07-fulfilment-supply-chain-domain-architecture/13-EXCEPTIONS-AND-CLAIMS/04-PORTALS-AI-SECURITY-SLOS-TESTS-AND-OPERATIONS.md,03-DETAILED-VOLUMES,"Exceptions and Claims — Portals, AI, Security, SLOs, Tests, and Operations",2003,19346,01d2f32c20376da1819dc9874f8b329acc2337862f38e2f738ec23b74c3c94ec
03-DETAILED-VOLUMES/volume-07-fulfilment-supply-chain-domain-architecture/99-SUPPLY-CHAIN-DOMAIN-MAP.md,03-DETAILED-VOLUMES,Fulfilment and Supply Chain Domain Map,1987,18536,f54ec72df0d9af75ffe7a0c653923ab947e8ee10e1c6c8db185d7ca73d3de571
03-DETAILED-VOLUMES/volume-08-engagement-communication-architecture/01-NOTIFICATION/00-ORIENTATION-OWNERSHIP-CONSENT-AND-CHANNEL-CAPABILITY.md,03-DETAILED-VOLUMES,"Notification — Orientation, Ownership, Consent, and Channel Capability",1989,18566,8f0b0ce643b2c24149a6000db33f8c81828afe4dd590447e5104d977757ead03
03-DETAILED-VOLUMES/volume-08-engagement-communication-architecture/01-NOTIFICATION/01-MESSAGES-CONVERSATIONS-TEMPLATES-AND-STATE.md,03-DETAILED-VOLUMES,"Notification — Messages, Conversations, Templates, and State",1988,18781,8c8c5572a789bf95fa396896588efab5ff356ddf2856f62ea89ed168fb5e59a1
03-DETAILED-VOLUMES/volume-08-engagement-communication-architecture/01-NOTIFICATION/02-PROVIDER-ADAPTERS-WEBHOOKS-RETRY-FAILURE-AND-RECONCILIATION.md,03-DETAILED-VOLUMES,"Notification — Provider Adapters, Webhooks, Retry, Failure, and Reconciliation",1992,18949,f77b56462ff51c25a5289be39bf4a41eca589f6ff42d9c7be2c2e6b896a7e1cf
03-DETAILED-VOLUMES/volume-08-engagement-communication-architecture/01-NOTIFICATION/03-PORTALS-CRM-AI-ASSISTANCE-HUMAN-HANDOFF-SLOS-AND-TESTS.md,03-DETAILED-VOLUMES,"Notification — Portals, CRM, AI Assistance, Human Handoff, SLOs, and Tests",1995,18983,0e87ed437a3243c727b8be403193e747e19f5dcc4bfe1280bf7e7334194f4207
03-DETAILED-VOLUMES/volume-08-engagement-communication-architecture/02-WHATSAPP/00-ORIENTATION-OWNERSHIP-CONSENT-AND-CHANNEL-CAPABILITY.md,03-DETAILED-VOLUMES,"WhatsApp — Orientation, Ownership, Consent, and Channel Capability",1989,18370,6ca662c73bcde50d2621d1a18830e196cdb630b69dc60ad69b739ef31a57d3cf
03-DETAILED-VOLUMES/volume-08-engagement-communication-architecture/02-WHATSAPP/01-MESSAGES-CONVERSATIONS-TEMPLATES-AND-STATE.md,03-DETAILED-VOLUMES,"WhatsApp — Messages, Conversations, Templates, and State",1988,18585,c09e9f880d49505f65e9ac4ee3a4670d3b3d57374b8006a9372acc334d9ee1e5
03-DETAILED-VOLUMES/volume-08-engagement-communication-architecture/02-WHATSAPP/02-PROVIDER-ADAPTERS-WEBHOOKS-RETRY-FAILURE-AND-RECONCILIATION.md,03-DETAILED-VOLUMES,"WhatsApp — Provider Adapters, Webhooks, Retry, Failure, and Reconciliation",1992,18753,8cae2e8086cb67cba7af949f8df305f75a44ac316197cf526420e1fea526c691
03-DETAILED-VOLUMES/volume-08-engagement-communication-architecture/02-WHATSAPP/03-PORTALS-CRM-AI-ASSISTANCE-HUMAN-HANDOFF-SLOS-AND-TESTS.md,03-DETAILED-VOLUMES,"WhatsApp — Portals, CRM, AI Assistance, Human Handoff, SLOs, and Tests",1995,18787,28c6747a3882d228018223186d902115f91e444e45bd32d2fadd0e100429662c
03-DETAILED-VOLUMES/volume-08-engagement-communication-architecture/03-WHATSAPP-CONNECTOR/00-ORIENTATION-OWNERSHIP-CONSENT-AND-CHANNEL-CAPABILITY.md,03-DETAILED-VOLUMES,"WhatsApp Connector — Orientation, Ownership, Consent, and Channel Capability",1993,18815,440424f82444f994260709f91fdb77b7b319fff36228d543eab6f4e1c9a8d2a3
03-DETAILED-VOLUMES/volume-08-engagement-communication-architecture/03-WHATSAPP-CONNECTOR/01-MESSAGES-CONVERSATIONS-TEMPLATES-AND-STATE.md,03-DETAILED-VOLUMES,"WhatsApp Connector — Messages, Conversations, Templates, and State",1992,19030,d3166405d3616b8c470d0dfeb73f6f44ef52cafbc5a771ac963a6df3b5b890d3
03-DETAILED-VOLUMES/volume-08-engagement-communication-architecture/03-WHATSAPP-CONNECTOR/02-PROVIDER-ADAPTERS-WEBHOOKS-RETRY-FAILURE-AND-RECONCILIATION.md,03-DETAILED-VOLUMES,"WhatsApp Connector — Provider Adapters, Webhooks, Retry, Failure, and Reconciliation",1996,19198,66b3e665514abca2ea29ad150c0fd6d146730d922612b508da91270ede004c72
03-DETAILED-VOLUMES/volume-08-engagement-communication-architecture/03-WHATSAPP-CONNECTOR/03-PORTALS-CRM-AI-ASSISTANCE-HUMAN-HANDOFF-SLOS-AND-TESTS.md,03-DETAILED-VOLUMES,"WhatsApp Connector — Portals, CRM, AI Assistance, Human Handoff, SLOs, and Tests",1999,19232,11205f448451ba17f583ddce42a63135549fb652fae18d0adcdbeae69e03f622
03-DETAILED-VOLUMES/volume-08-engagement-communication-architecture/04-INSTAGRAM/00-ORIENTATION-OWNERSHIP-CONSENT-AND-CHANNEL-CAPABILITY.md,03-DETAILED-VOLUMES,"Instagram — Orientation, Ownership, Consent, and Channel Capability",1989,18419,9e4eb14656df3b066cf2c2ffc2f126256ad1f75319bb56a24fcf31242401792e
03-DETAILED-VOLUMES/volume-08-engagement-communication-architecture/04-INSTAGRAM/01-MESSAGES-CONVERSATIONS-TEMPLATES-AND-STATE.md,03-DETAILED-VOLUMES,"Instagram — Messages, Conversations, Templates, and State",1988,18634,ae2433539459dac2d0027dbbacbbef5f6c281026fa944fdb812780f04f58172e
03-DETAILED-VOLUMES/volume-08-engagement-communication-architecture/04-INSTAGRAM/02-PROVIDER-ADAPTERS-WEBHOOKS-RETRY-FAILURE-AND-RECONCILIATION.md,03-DETAILED-VOLUMES,"Instagram — Provider Adapters, Webhooks, Retry, Failure, and Reconciliation",1992,18802,34d40f01be40770ada95bd3bc14d8980c75620919aa3f79d40860f82a627875b
03-DETAILED-VOLUMES/volume-08-engagement-communication-architecture/04-INSTAGRAM/03-PORTALS-CRM-AI-ASSISTANCE-HUMAN-HANDOFF-SLOS-AND-TESTS.md,03-DETAILED-VOLUMES,"Instagram — Portals, CRM, AI Assistance, Human Handoff, SLOs, and Tests",1995,18836,5e97881bb2ad973e8356d92dbe97875151d47a4f681f302cfce89360e0974404
03-DETAILED-VOLUMES/volume-08-engagement-communication-architecture/05-EMAIL/00-ORIENTATION-OWNERSHIP-CONSENT-AND-CHANNEL-CAPABILITY.md,03-DETAILED-VOLUMES,"Email — Orientation, Ownership, Consent, and Channel Capability",1989,18223,6f3f7636df5a7ed569434389ce63f2b5c675e85eb0a901790cae42d4c97b1b6e
03-DETAILED-VOLUMES/volume-08-engagement-communication-architecture/05-EMAIL/01-MESSAGES-CONVERSATIONS-TEMPLATES-AND-STATE.md,03-DETAILED-VOLUMES,"Email — Messages, Conversations, Templates, and State",1988,18438,469164bac70f47cc4c7e256e9c7b12ce6ed09772599019d23c1680de3c87aa22
03-DETAILED-VOLUMES/volume-08-engagement-communication-architecture/05-EMAIL/02-PROVIDER-ADAPTERS-WEBHOOKS-RETRY-FAILURE-AND-RECONCILIATION.md,03-DETAILED-VOLUMES,"Email — Provider Adapters, Webhooks, Retry, Failure, and Reconciliation",1992,18606,78c267e03150ded11c596348635f27c75edeb981e7dbbcc4bb58d19ddf987141
03-DETAILED-VOLUMES/volume-08-engagement-communication-architecture/05-EMAIL/03-PORTALS-CRM-AI-ASSISTANCE-HUMAN-HANDOFF-SLOS-AND-TESTS.md,03-DETAILED-VOLUMES,"Email — Portals, CRM, AI Assistance, Human Handoff, SLOs, and Tests",1995,18640,eae01b8a6d9321c6d6f33cd62b2c60144e4708e6f4af27fba409d2d9505f9eac
03-DETAILED-VOLUMES/volume-08-engagement-communication-architecture/06-WEBSOCKET-AND-REALTIME-MESSAGING/00-ORIENTATION-OWNERSHIP-CONSENT-AND-CHANNEL-CAPABILITY.md,03-DETAILED-VOLUMES,"WebSocket and Realtime Messaging — Orientation, Ownership, Consent, and Channel Capability",2001,19411,f98868032a47dfa16be816400216fc77c2babe7bccb96abc0eaeadda55904c1e
03-DETAILED-VOLUMES/volume-08-engagement-communication-architecture/06-WEBSOCKET-AND-REALTIME-MESSAGING/01-MESSAGES-CONVERSATIONS-TEMPLATES-AND-STATE.md,03-DETAILED-VOLUMES,"WebSocket and Realtime Messaging — Messages, Conversations, Templates, and State",2000,19626,8f40ef69c07e426e928a0796953522c9d0ec20bfb446f59da4d1389ab873cb2a
03-DETAILED-VOLUMES/volume-08-engagement-communication-architecture/06-WEBSOCKET-AND-REALTIME-MESSAGING/02-PROVIDER-ADAPTERS-WEBHOOKS-RETRY-FAILURE-AND-RECONCILIATION.md,03-DETAILED-VOLUMES,"WebSocket and Realtime Messaging — Provider Adapters, Webhooks, Retry, Failure, and Reconciliation",2004,19794,dbda4aa5e878caa1e1723656b467d74daa147b10de699120825b8994ecfdeb61
03-DETAILED-VOLUMES/volume-08-engagement-communication-architecture/06-WEBSOCKET-AND-REALTIME-MESSAGING/03-PORTALS-CRM-AI-ASSISTANCE-HUMAN-HANDOFF-SLOS-AND-TESTS.md,03-DETAILED-VOLUMES,"WebSocket and Realtime Messaging — Portals, CRM, AI Assistance, Human Handoff, SLOs, and Tests",2007,19828,980a59cb06824f0cfe3743f9917b7fc3ec330846e55283c6a066e354d907e6c7
03-DETAILED-VOLUMES/volume-08-engagement-communication-architecture/07-CONVERSATION-OWNERSHIP/00-ORIENTATION-OWNERSHIP-CONSENT-AND-CHANNEL-CAPABILITY.md,03-DETAILED-VOLUMES,"Conversation Ownership — Orientation, Ownership, Consent, and Channel Capability",1993,19011,9c1bb9e5dc8e7758aaef007081faaa86a13afee6a0ba4ed13cf01bf6c95358d0
03-DETAILED-VOLUMES/volume-08-engagement-communication-architecture/07-CONVERSATION-OWNERSHIP/01-MESSAGES-CONVERSATIONS-TEMPLATES-AND-STATE.md,03-DETAILED-VOLUMES,"Conversation Ownership — Messages, Conversations, Templates, and State",1992,19226,47fcdeb0e464e0f77552605717cc3e6be18a0f2db80170f6f7225f73dc7bb03e
03-DETAILED-VOLUMES/volume-08-engagement-communication-architecture/07-CONVERSATION-OWNERSHIP/02-PROVIDER-ADAPTERS-WEBHOOKS-RETRY-FAILURE-AND-RECONCILIATION.md,03-DETAILED-VOLUMES,"Conversation Ownership — Provider Adapters, Webhooks, Retry, Failure, and Reconciliation",1996,19394,dae578ebb15a556816bb16f6261307ff667d1aec0049f7ca43f4b23ffab527fa
03-DETAILED-VOLUMES/volume-08-engagement-communication-architecture/07-CONVERSATION-OWNERSHIP/03-PORTALS-CRM-AI-ASSISTANCE-HUMAN-HANDOFF-SLOS-AND-TESTS.md,03-DETAILED-VOLUMES,"Conversation Ownership — Portals, CRM, AI Assistance, Human Handoff, SLOs, and Tests",1999,19428,8581684925821f1559ff58bfdbf99e511eabd421c1ced33203972d31db3447ac
03-DETAILED-VOLUMES/volume-08-engagement-communication-architecture/08-CONSENT-AND-CHANNEL-CAPABILITY/00-ORIENTATION-OWNERSHIP-CONSENT-AND-CHANNEL-CAPABILITY.md,03-DETAILED-VOLUMES,"Consent and Channel Capability — Orientation, Ownership, Consent, and Channel Capability",2001,19313,f712ee8fd070be4754d28542e45c9a3aa03f6b40c23fe9dbe093de0559fad840
03-DETAILED-VOLUMES/volume-08-engagement-communication-architecture/08-CONSENT-AND-CHANNEL-CAPABILITY/01-MESSAGES-CONVERSATIONS-TEMPLATES-AND-STATE.md,03-DETAILED-VOLUMES,"Consent and Channel Capability — Messages, Conversations, Templates, and State",2000,19528,201be90523df0791d719effa4be5069d7c5a6de221cb85a57b9801caf32a717d
03-DETAILED-VOLUMES/volume-08-engagement-communication-architecture/08-CONSENT-AND-CHANNEL-CAPABILITY/02-PROVIDER-ADAPTERS-WEBHOOKS-RETRY-FAILURE-AND-RECONCILIATION.md,03-DETAILED-VOLUMES,"Consent and Channel Capability — Provider Adapters, Webhooks, Retry, Failure, and Reconciliation",2004,19696,ee77d038f17aeeb088fe893e0df078fa34a53435675d4ddf80dcc49bb3578fbf
03-DETAILED-VOLUMES/volume-08-engagement-communication-architecture/08-CONSENT-AND-CHANNEL-CAPABILITY/03-PORTALS-CRM-AI-ASSISTANCE-HUMAN-HANDOFF-SLOS-AND-TESTS.md,03-DETAILED-VOLUMES,"Consent and Channel Capability — Portals, CRM, AI Assistance, Human Handoff, SLOs, and Tests",2007,19730,bd2962ed821da6702ca75a4fd431d7ff95c163fa19664a229df59ceba30fa73e
03-DETAILED-VOLUMES/volume-08-engagement-communication-architecture/09-TEMPLATE-AND-LOCALIZATION/00-ORIENTATION-OWNERSHIP-CONSENT-AND-CHANNEL-CAPABILITY.md,03-DETAILED-VOLUMES,"Template and Localization — Orientation, Ownership, Consent, and Channel Capability",1997,19113,e7b41c9fad078de0de4e95ef0830b4abd77c86643d92bbf68d962f4611e4486e
03-DETAILED-VOLUMES/volume-08-engagement-communication-architecture/09-TEMPLATE-AND-LOCALIZATION/01-MESSAGES-CONVERSATIONS-TEMPLATES-AND-STATE.md,03-DETAILED-VOLUMES,"Template and Localization — Messages, Conversations, Templates, and State",1996,19328,224df65b78a416e51ca9175e9b2580420b66407c80953c4f9c09d91d37d0a84c
03-DETAILED-VOLUMES/volume-08-engagement-communication-architecture/09-TEMPLATE-AND-LOCALIZATION/02-PROVIDER-ADAPTERS-WEBHOOKS-RETRY-FAILURE-AND-RECONCILIATION.md,03-DETAILED-VOLUMES,"Template and Localization — Provider Adapters, Webhooks, Retry, Failure, and Reconciliation",2000,19496,b2cec4a42ca5f9360dffb2eb6ab9583fd6f03258495f93fd26be362a707985fb
03-DETAILED-VOLUMES/volume-08-engagement-communication-architecture/09-TEMPLATE-AND-LOCALIZATION/03-PORTALS-CRM-AI-ASSISTANCE-HUMAN-HANDOFF-SLOS-AND-TESTS.md,03-DETAILED-VOLUMES,"Template and Localization — Portals, CRM, AI Assistance, Human Handoff, SLOs, and Tests",2003,19530,71c6f92f8df8dcf8475241a67721902f5bb5bde37f9a569e6951cf787e2944e0
03-DETAILED-VOLUMES/volume-08-engagement-communication-architecture/10-HUMAN-HANDOFF-AND-AI-ASSISTED-RESPONSE/00-ORIENTATION-OWNERSHIP-CONSENT-AND-CHANNEL-CAPABILITY.md,03-DETAILED-VOLUMES,"Human Handoff and AI-Assisted Response — Orientation, Ownership, Consent, and Channel Capability",2005,19660,b28c242ab9f5e4c331cabf84166addfeaf866576469530760ceb1b873a3373dd
03-DETAILED-VOLUMES/volume-08-engagement-communication-architecture/10-HUMAN-HANDOFF-AND-AI-ASSISTED-RESPONSE/01-MESSAGES-CONVERSATIONS-TEMPLATES-AND-STATE.md,03-DETAILED-VOLUMES,"Human Handoff and AI-Assisted Response — Messages, Conversations, Templates, and State",2004,19875,740cc338c4bb609d07e5532adc94c2a74757628828fcfcf89c5a84a88251d08b
03-DETAILED-VOLUMES/volume-08-engagement-communication-architecture/10-HUMAN-HANDOFF-AND-AI-ASSISTED-RESPONSE/02-PROVIDER-ADAPTERS-WEBHOOKS-RETRY-FAILURE-AND-RECONCILIATION.md,03-DETAILED-VOLUMES,"Human Handoff and AI-Assisted Response — Provider Adapters, Webhooks, Retry, Failure, and Reconciliation",2008,20043,cc034398bac296d0695d94615fb533cd0554dac46fd6f1039a767173f8e74b92
03-DETAILED-VOLUMES/volume-08-engagement-communication-architecture/10-HUMAN-HANDOFF-AND-AI-ASSISTED-RESPONSE/03-PORTALS-CRM-AI-ASSISTANCE-HUMAN-HANDOFF-SLOS-AND-TESTS.md,03-DETAILED-VOLUMES,"Human Handoff and AI-Assisted Response — Portals, CRM, AI Assistance, Human Handoff, SLOs, and Tests",2011,20077,6f80fe50130f5a11383af8390df4bff5e3e36a48121f6a91cdd4e0a634f5b6e1
03-DETAILED-VOLUMES/volume-08-engagement-communication-architecture/99-CHANNEL-OWNERSHIP-MATRIX.md,03-DETAILED-VOLUMES,Engagement Channel Ownership and Consent Matrix,1987,18639,99801aa828c4d75a55ad929a0b4f1716422d98eda23b7cf222d3d30bbb0f7947
03-DETAILED-VOLUMES/volume-09-ai-operating-system/00-AI-OPERATING-SYSTEM-INTRODUCTION.md,03-DETAILED-VOLUMES,AI Operating System Introduction,1997,18989,c927fffeedc4163c4a375981243c9bcd0dfac4edff6287d6f2d492ddfd88d260
03-DETAILED-VOLUMES/volume-09-ai-operating-system/01-PLATFORM-AI-RUNTIME-SDK.md,03-DETAILED-VOLUMES,Platform AI Runtime SDK,1997,18566,b8e30aa40ea273852326d6169a555f8be4e9f6d736ff1f3ec3ae997ec593f76e
03-DETAILED-VOLUMES/volume-09-ai-operating-system/02-AI-GATEWAY-AND-MODEL-ACCESS.md,03-DETAILED-VOLUMES,AI Gateway and Model Access,1999,18709,91a6f72b97cfd3e8a3710984604890ef26a03162c988b735168c1940ed8cfa8c
03-DETAILED-VOLUMES/volume-09-ai-operating-system/03-AI-ORCHESTRATOR-OWNERSHIP.md,03-DETAILED-VOLUMES,AI Orchestrator Ownership,1995,18705,2ae7c11ff0ac7dfb4f67313e36cc76b16798a06933e9ef9f7e57fcafad8f437b
03-DETAILED-VOLUMES/volume-09-ai-operating-system/04-AGENT-RUN-STATE-MACHINE.md,03-DETAILED-VOLUMES,Agent Run State Machine,1997,18566,ee0784b8233c3008cfbaabc86f30191a7b683a1ddb7da24711b630ed6e7768b3
03-DETAILED-VOLUMES/volume-09-ai-operating-system/05-SUPERVISOR-AND-DELEGATION.md,03-DETAILED-VOLUMES,Supervisor and Delegation,1995,18705,ac0a3f038655713f64251f9efb1009717071b7d8f01cfe88df15cd0af3eb0489
03-DETAILED-VOLUMES/volume-09-ai-operating-system/06-CONTEXT-BUILDER.md,03-DETAILED-VOLUMES,Context Builder,1993,18280,e697c7d14dff6d88a3d8ab3d070eb194ad82c73c002f6cc1748113bda5b30c3d
03-DETAILED-VOLUMES/volume-09-ai-operating-system/07-PLANNER-AND-PLAN-VERSIONING.md,03-DETAILED-VOLUMES,Planner and Plan Versioning,1997,18754,1d718faf753ae05d5fee4a9a18f41b8422d451630838b9147492b2197a6ec3f2
03-DETAILED-VOLUMES/volume-09-ai-operating-system/08-CRITIC-AND-VERIFIER.md,03-DETAILED-VOLUMES,Critic and Verifier,1995,18423,d6647b7d84ea1b7a416d39c49aa0ed73e38e346d2ec71ac5a6543b9d8268489c
03-DETAILED-VOLUMES/volume-09-ai-operating-system/09-POLICY-AND-APPROVAL-ENGINE.md,03-DETAILED-VOLUMES,Policy and Approval Engine,1997,18707,3d4a3816122330a0ebe688fe5d00c0a2a69eacd16eb9e4d6f4d461971521b25a
03-DETAILED-VOLUMES/volume-09-ai-operating-system/10-TYPED-TOOL-EXECUTOR.md,03-DETAILED-VOLUMES,Typed Tool Executor,1995,18423,707b0ffca399b5c1bbfb974d8ca19aa8cc500c5b9764e96eda4aa54f5aa44dd6
03-DETAILED-VOLUMES/volume-09-ai-operating-system/11-OUTCOME-OBSERVER.md,03-DETAILED-VOLUMES,Outcome Observer,1993,18327,f3a5c9c977cb0fd9f285c036ec7a6ef420831e2a5004ba7fd688d9031685c777
03-DETAILED-VOLUMES/volume-09-ai-operating-system/12-RECOVERY-AND-REPLANNER.md,03-DETAILED-VOLUMES,Recovery and Replanner,1995,18564,61dadac79f0c8ca619b50e3a02327d6ad49016b672ed5e865ec8e1e65f83f140
03-DETAILED-VOLUMES/volume-09-ai-operating-system/13-MCP-TOOL-REGISTRY.md,03-DETAILED-VOLUMES,MCP Tool Registry,1995,18329,28326e690e5283afe8a80e76669ae6e6bddd41da7cdbf09add79e40aa16110a2
03-DETAILED-VOLUMES/volume-09-ai-operating-system/14-MCP-TOOL-GATEWAY.md,03-DETAILED-VOLUMES,MCP Tool Gateway,1995,18282,d2d6513a47d6680fe88233aaa9d884ce806df076a2b95dc0596968d5372b38c9
03-DETAILED-VOLUMES/volume-09-ai-operating-system/15-WORKFLOW-ENGINE-INTEGRATION.md,03-DETAILED-VOLUMES,Workflow Engine Integration,1995,18799,f23d4364dd409eddc34a1900ff6d65ae6bcde9253ea501d09712d292fe725b83
03-DETAILED-VOLUMES/volume-09-ai-operating-system/16-EVENT-BUS-INTEGRATION.md,03-DETAILED-VOLUMES,Event Bus Integration,1995,18517,2c79f1765ce8d0ea50b4dde66eed3b29f82f71db21a581bf0bd6b1c0356bf58b
03-DETAILED-VOLUMES/volume-09-ai-operating-system/17-PROVIDER-ADAPTER-ARCHITECTURE.md,03-DETAILED-VOLUMES,Provider Adapter Architecture,1995,18893,01daf68fd84cebc66771cc9d8c1eab5158e3ecce34b7ee52bdc3fd0714d71fd9
03-DETAILED-VOLUMES/volume-09-ai-operating-system/18-MODEL-REGISTRY-AND-ROUTING.md,03-DETAILED-VOLUMES,Model Registry and Routing,1997,18707,55c24112c182c34abae65fa2eb29fde8bd7acf683f9e5a641fc564ac2bb8780d
03-DETAILED-VOLUMES/volume-09-ai-operating-system/19-PROMPT-AND-TEMPLATE-GOVERNANCE.md,03-DETAILED-VOLUMES,Prompt and Template Governance,1997,18895,2063e0c9e7b6bde45c1822033717dc2d54b5ae2be687ffb7e30e41be3f202655
03-DETAILED-VOLUMES/volume-09-ai-operating-system/20-STRUCTURED-OUTPUT-AND-SCHEMA-VALIDATION.md,03-DETAILED-VOLUMES,Structured Output and Schema Validation,1999,19273,499f28ae1a8fa14be529dd8cc4400520c2cff9a2555de362291363d0428c1cb0
03-DETAILED-VOLUMES/volume-09-ai-operating-system/21-AI-MEMORY.md,03-DETAILED-VOLUMES,AI Memory,1993,17998,e1a06de3070482dbe8b0c627d84be552f78c4fec80f2d1c6a205db6b8ce4971f
03-DETAILED-VOLUMES/volume-09-ai-operating-system/22-RAG-AND-RETRIEVAL.md,03-DETAILED-VOLUMES,RAG and Retrieval,1995,18329,f6cef0b9c96a807eb991b3fb0e1dc040b8e83e9afc0358dbb18ee0b6118dae28
03-DETAILED-VOLUMES/volume-09-ai-operating-system/23-KNOWLEDGE-CUTOFF-AND-PROVENANCE.md,03-DETAILED-VOLUMES,Knowledge Cutoff and Provenance,1997,18942,5aaea05b4abc4faa6d7d9f354befe87e6e78dd22a20c3fa118e3bb418d96576d
03-DETAILED-VOLUMES/volume-09-ai-operating-system/24-DIGITAL-TWIN-AND-WORLD-MODEL.md,03-DETAILED-VOLUMES,Digital Twin and World Model,1999,18756,04724df0ff87eeed90e90eb03b77f0ff1e1bc114506ec56817a5ce4585c53ddf
03-DETAILED-VOLUMES/volume-09-ai-operating-system/25-EVALUATION-AND-PROMOTION.md,03-DETAILED-VOLUMES,Evaluation and Promotion,1995,18658,dc1ec74e8ad79f950f7c554cbe8d0ff85d8f9e4bfc4af973b88b63a32079f0fb
03-DETAILED-VOLUMES/volume-09-ai-operating-system/26-ONLINE-MONITORING-AND-DRIFT.md,03-DETAILED-VOLUMES,Online Monitoring and Drift,1997,18754,da0c7386d4ec48f517c266ab0a10e4b5edb6b92b3e393adecdd715768ff79ea2
03-DETAILED-VOLUMES/volume-09-ai-operating-system/27-KILL-SWITCH-AND-INCIDENT-CONTAINMENT.md,03-DETAILED-VOLUMES,Kill Switch and Incident Containment,1999,19132,a473e263ad3fa28db1d85ca5b688d00970d7638a51c537473ba012767dd3c729
03-DETAILED-VOLUMES/volume-09-ai-operating-system/28-AI-SECURITY-AND-PROMPT-INJECTION.md,03-DETAILED-VOLUMES,AI Security and Prompt Injection,1999,18944,28b69e240b60afaf3a91c54cfb31f5117d0be65883cc2f2f57e45150011441e4
03-DETAILED-VOLUMES/volume-09-ai-operating-system/29-BROWSER-AGENT-SANDBOXING.md,03-DETAILED-VOLUMES,Browser Agent Sandboxing,1995,18658,5058daba6a1a353697471e163987c34ed03086219d48ca32fd05fc5006313308
03-DETAILED-VOLUMES/volume-09-ai-operating-system/30-CODE-AND-DATA-TOOL-SANDBOXING.md,03-DETAILED-VOLUMES,Code and Data Tool Sandboxing,1999,18803,1e5482ee9459fc10c171e87c36e6a11c552d69436f936aaec107e44499494ba7
03-DETAILED-VOLUMES/volume-09-ai-operating-system/31-AI-COST-AND-BUDGET-GOVERNANCE.md,03-DETAILED-VOLUMES,AI Cost and Budget Governance,1999,18803,f01c440d4508f4edc6b08dab82351e9caff398a69be2b15316e16de6cab32753
03-DETAILED-VOLUMES/volume-09-ai-operating-system/32-HUMAN-HANDOFF.md,03-DETAILED-VOLUMES,Human Handoff,1993,18186,817e19a897c1732afadff339dbec7a75ecfb69153a505eac448318790963989f
03-DETAILED-VOLUMES/volume-09-ai-operating-system/33-AI-COMPLIANCE-SERVICE.md,03-DETAILED-VOLUMES,AI Compliance Service,1995,18517,171a93addce3099878db7077fd662136cac8075aa49a60bd3e8c7a8cd97dcb49
03-DETAILED-VOLUMES/volume-09-ai-operating-system/34-AI-VISION-SERVICE.md,03-DETAILED-VOLUMES,AI Vision Service,1995,18329,88c95195c12fa3ffff8757697d3c92d235f80317742197204eab33b25d6ca605
03-DETAILED-VOLUMES/volume-09-ai-operating-system/35-AI-VOICE-SERVICE.md,03-DETAILED-VOLUMES,AI Voice Service,1995,18282,336b171bc3dc74f88f1cc3d41eff937a00cb6571a9f5e191588bc5114e331ac7
03-DETAILED-VOLUMES/volume-09-ai-operating-system/36-AI-NLP-SERVICE.md,03-DETAILED-VOLUMES,AI NLP Service,1995,18188,55260138a9326410e8ef4bda01f3dd8e9a32ec08ca534b1329745ecaabcaa441
03-DETAILED-VOLUMES/volume-09-ai-operating-system/37-AI-AUTOMATION-SERVICE.md,03-DETAILED-VOLUMES,AI Automation Service,1995,18517,90fa202b128440b26f463b7c9b9370b3a314964ef827159e59f9ac7b4e0e0041
03-DETAILED-VOLUMES/volume-09-ai-operating-system/38-AI-EDGE-AND-FEDERATED-SERVICES.md,03-DETAILED-VOLUMES,AI Edge and Federated Services,1999,18850,59a3d3aa0c34023b9302ca7b96cb327dfc079455d0546dbfca8d0fbca80dd596
03-DETAILED-VOLUMES/volume-09-ai-operating-system/39-AI-MARKETPLACE.md,03-DETAILED-VOLUMES,AI Marketplace,1993,18233,40896fb05dc5bd82ebdb22abcaba0a2563629e996db9b2bf4906c4d334d22eb9
03-DETAILED-VOLUMES/volume-09-ai-operating-system/40-AI-OBSERVABILITY-AND-AIOPS.md,03-DETAILED-VOLUMES,AI Observability and AIOps,1997,18707,e55e88b17897cff6a131e09677a6706732e80c2758535f272b07e7fe012cb9c3
03-DETAILED-VOLUMES/volume-09-ai-operating-system/41-PREDICTIVE-ANALYTICS-AND-FORECAST-ML.md,03-DETAILED-VOLUMES,Predictive Analytics and Forecast ML,1999,19132,3d0c17b6095f8a08120a594210f3a0f3c64175639b5c66b68026e1a526312d0e
03-DETAILED-VOLUMES/volume-09-ai-operating-system/42-FRAUD-ENGINE.md,03-DETAILED-VOLUMES,Fraud Engine,1993,18139,c765ce6aae5415d915425aabc5b63d47e5e2d581667b5af9dbb136c81913d470
03-DETAILED-VOLUMES/volume-09-ai-operating-system/43-SEARCH-AND-RANKING.md,03-DETAILED-VOLUMES,Search and Ranking,1995,18376,df917178af6a46d4239c2987ca3d3664accd226df6a6289f95c87a8137fa81b0
03-DETAILED-VOLUMES/volume-09-ai-operating-system/44-DOMAIN-AI-ROLE-CATALOGUE.md,03-DETAILED-VOLUMES,Domain AI Role Catalogue,1997,18613,98c73e43e571871e4d046ab9a12415f8bb88b4c2ae7805b65811ae4f3213da5f
03-DETAILED-VOLUMES/volume-09-ai-operating-system/99-AI-CANONICAL-OWNERSHIP-MATRIX.md,03-DETAILED-VOLUMES,AI Canonical Ownership Matrix,1994,18445,6caf43d6373583ffe50f90bba519aff25e54c60520607b4770a34817940f0fbd
03-DETAILED-VOLUMES/volume-10-data-database-reference/00-DATA-ARCHITECTURE-INTRODUCTION.md,03-DETAILED-VOLUMES,Data Architecture Introduction,1990,18951,f35962b09e956727c50cf8b9111c9febb1ee5096d1b02f0b2097991692befe7b
03-DETAILED-VOLUMES/volume-10-data-database-reference/01-CONCEPTUAL-ENTERPRISE-DATA-MODEL.md,03-DETAILED-VOLUMES,Conceptual Enterprise Data Model,1992,19000,2c892c4cb26ac7259baa54e135bbce1878dd244b14efe6b0845fc5d0c7b156f7
03-DETAILED-VOLUMES/volume-10-data-database-reference/02-DOMAIN-LOGICAL-DATA-MODELS.md,03-DETAILED-VOLUMES,Domain Logical Data Models,1992,18718,ba7c78baaaecceaa24a5caad22a6bfb6eb277748d853d9759663ef01db29634a
03-DETAILED-VOLUMES/volume-10-data-database-reference/03-DATABASE-PER-SERVICE-POLICY.md,03-DETAILED-VOLUMES,Database-per-Service Policy,1988,18855,dac8cac472cbfbfe0dc2c569cea4473c16bfc5c5eee601dcfeec0440ae1eb2a5
03-DETAILED-VOLUMES/volume-10-data-database-reference/04-SCHEMA-OWNERSHIP.md,03-DETAILED-VOLUMES,Schema Ownership,1988,18338,d7a6ed30ea58a883e79c070fafadad0ec233e0cd4849af422892dc01a0afe514
03-DETAILED-VOLUMES/volume-10-data-database-reference/05-DATABASE-AND-SCHEMA-REGISTRY.md,03-DETAILED-VOLUMES,Database and Schema Registry,1992,18812,05976488bf1457c1e1c26c430cd7eb031a71222ecb8660ae8837fda7cbf14870
03-DETAILED-VOLUMES/volume-10-data-database-reference/06-TABLE-FAMILY-DOCUMENTATION.md,03-DETAILED-VOLUMES,Table Family Documentation,1990,18763,ec1d2c8588b31e4326c795ecb5883279d0f495d27794b8537ab3ff465fc08343
03-DETAILED-VOLUMES/volume-10-data-database-reference/07-IDENTITY-AND-KEYS.md,03-DETAILED-VOLUMES,Identity and Keys,1990,18340,dcad8a3efb245e4923d20ba11df70091b113b08475d27d6ba276b565a80e4370
03-DETAILED-VOLUMES/volume-10-data-database-reference/08-FOREIGN-KEYS-AND-CROSS-DOMAIN-REFERENCES.md,03-DETAILED-VOLUMES,Foreign Keys and Cross-Domain References,1994,19331,04e46404c2de47807d9f8a52afce8d2704535bdee5e73faaa9c07005d03e70cb
03-DETAILED-VOLUMES/volume-10-data-database-reference/09-CONSTRAINTS-AND-INVARIANTS.md,03-DETAILED-VOLUMES,Constraints and Invariants,1990,18763,807dd7d11ae57bd3f46c04ca9bb6b7dcf26cc43ab055cd8e2c3df803e084f946
03-DETAILED-VOLUMES/volume-10-data-database-reference/10-INDEXES-AND-QUERY-WORKLOADS.md,03-DETAILED-VOLUMES,Indexes and Query Workloads,1992,18765,7b73e240b7ccc3480a892ef9c5e26b0019bacf8712732315623834a5bdb5d7d0
03-DETAILED-VOLUMES/volume-10-data-database-reference/11-EFFECTIVE-TIME-AND-RECORDED-TIME.md,03-DETAILED-VOLUMES,Effective Time and Recorded Time,1994,18955,a2d358e9c52d0c7c5e1ed8987a5cc94125038293528db9dcb6a22467833a1a1e
03-DETAILED-VOLUMES/volume-10-data-database-reference/12-DATA-CLASSIFICATION.md,03-DETAILED-VOLUMES,Data Classification,1988,18479,47395ded2cfd6636b8bb3facecb9a322e33c4b3ea09d4b16a55f7b736b91ca93
03-DETAILED-VOLUMES/volume-10-data-database-reference/13-PRIVACY-PURPOSE-AND-RESIDENCY.md,03-DETAILED-VOLUMES,"Privacy, Purpose and Residency",2020,18906,bf9b4ca9955ac86ebcd8a9b9f87e1f5c046d9a0234e51ca84685d7c13d478981
03-DETAILED-VOLUMES/volume-10-data-database-reference/14-RETENTION-AND-LEGAL-HOLD.md,03-DETAILED-VOLUMES,Retention and Legal Hold,1992,18624,fd8fc8a5c787a95fd337de80721469dd9c4ae19bb40c5d87b1d68282570298b4
03-DETAILED-VOLUMES/volume-10-data-database-reference/15-DATA-LINEAGE.md,03-DETAILED-VOLUMES,Data Lineage,1988,18150,65759655d07a9865acf14c29f5c5df006b393216c23ea882c48518021e4c070a
03-DETAILED-VOLUMES/volume-10-data-database-reference/16-DATA-QUALITY.md,03-DETAILED-VOLUMES,Data Quality,1988,18150,7ddc29b37801b352565ee5cb0078cb141e649dacf488ed668e031acce5ade49e
03-DETAILED-VOLUMES/volume-10-data-database-reference/17-CORRECTION-AND-RETRACTION.md,03-DETAILED-VOLUMES,Correction and Retraction,1990,18716,2a6b8019c34007b25c8c187fb13eadd12f8e522d9bf3fc5cbe4d1df6ee566f40
03-DETAILED-VOLUMES/volume-10-data-database-reference/18-MATERIALIZED-VIEWS-AND-PROJECTIONS.md,03-DETAILED-VOLUMES,Materialized Views and Projections,1992,19094,d340d5c5bb437f8f2c141d6416b58849bbd35a58663815d4a61346c3454b33a3
03-DETAILED-VOLUMES/volume-10-data-database-reference/19-PARTITIONING-AND-ARCHIVAL.md,03-DETAILED-VOLUMES,Partitioning and Archival,1990,18716,3db58baf5b8a6e31217a9ed9c9a35c36da1da590e557208a310f19fb2a61d45a
03-DETAILED-VOLUMES/volume-10-data-database-reference/20-BACKUP-AND-RESTORE.md,03-DETAILED-VOLUMES,Backup and Restore,1990,18387,7910f4d826c19747f9355f427cb16e9c5ecf7196af9cd198a04376599e16514e
03-DETAILED-VOLUMES/volume-10-data-database-reference/21-DISASTER-RECOVERY-FOR-DATA.md,03-DETAILED-VOLUMES,Disaster Recovery for Data,1992,18718,89c2f82bc1b86b4fc945c18cb34509f9780c073813173a574852e321eb0f5076
03-DETAILED-VOLUMES/volume-10-data-database-reference/22-DATABASE-MIGRATION.md,03-DETAILED-VOLUMES,Database Migration,1988,18432,ac6270ce8f92d02df605acd690047161233ea58eaa237f4db344905f1ed19599
03-DETAILED-VOLUMES/volume-10-data-database-reference/23-DATA-CONTRACT-EVOLUTION.md,03-DETAILED-VOLUMES,Data Contract Evolution,1990,18622,9a33d8bbf78e32517ce86caa4a5ca93450e73641fea9ffac679acaa7d2e6b820
03-DETAILED-VOLUMES/volume-10-data-database-reference/24-DECOMMISSIONED-DATABASES-AND-TABLES.md,03-DETAILED-VOLUMES,Decommissioned Databases and Tables,1992,19141,5eee93f93126ed5b1bc84db8f7e119687dd55407a7b8374525e36986740a5fa1
03-DETAILED-VOLUMES/volume-10-data-database-reference/25-DATABASE-USERS-AND-LEAST-PRIVILEGE.md,03-DETAILED-VOLUMES,Database Users and Least Privilege,1994,19049,a2e5321e0b4da69027c4c5733e73adcdd1f7fa173c78a16150f638de5c0364c7
03-DETAILED-VOLUMES/volume-10-data-database-reference/26-ROW-LEVEL-SECURITY.md,03-DETAILED-VOLUMES,Row-Level Security,1988,18432,c1315e559406e1352cc95bb8c116caa181d726af5c7862750ba13bce63b73a7e
03-DETAILED-VOLUMES/volume-10-data-database-reference/27-ENCRYPTION-AND-KEY-MANAGEMENT.md,03-DETAILED-VOLUMES,Encryption and Key Management,1992,18859,e98969a2d224219ececefff65185e7f1dc15d87af15acbe9e854f8d8b6ebbce8
03-DETAILED-VOLUMES/volume-10-data-database-reference/28-ANALYTICAL-STORES-AND-WAREHOUSE.md,03-DETAILED-VOLUMES,Analytical Stores and Warehouse,1992,18953,4e6847101685a4978b4d18c6b8b29619fc0eab3e45614db82ff5d1025eafea8b
03-DETAILED-VOLUMES/volume-10-data-database-reference/29-VECTOR-STORES.md,03-DETAILED-VOLUMES,Vector Stores,1988,18197,00c804c4be2deea467789845d66f7d42768b627e2465e832e759f302044360b5
03-DETAILED-VOLUMES/volume-10-data-database-reference/30-SEARCH-INDEXES.md,03-DETAILED-VOLUMES,Search Indexes,1988,18244,9c83739a23c3cea05ea077e31d1c73b2875dd7c951033d90d6f58b477b83d7ce
03-DETAILED-VOLUMES/volume-10-data-database-reference/31-CACHING-AND-INVALIDATION.md,03-DETAILED-VOLUMES,Caching and Invalidation,1990,18669,4f78f0f76ec49cad78c9dd35fde50c341c47b4d6307ed1fbfa60e86112f98681
03-DETAILED-VOLUMES/volume-10-data-database-reference/32-CDC-OUTBOX-AND-REPLICATION.md,03-DETAILED-VOLUMES,"CDC, Outbox and Replication",2020,18765,8165176a066189f87ea05d9b1cc4b3db7905f7c7488ca9e0965ffa0ce2d1653e
03-DETAILED-VOLUMES/volume-10-data-database-reference/33-MASTER-AND-REFERENCE-DATA.md,03-DETAILED-VOLUMES,Master and Reference Data,1992,18671,8fdebfeaf7144154d2d9d623ce15a49287c0dc59c62ddbee5f1ec710e0fc7d88
03-DETAILED-VOLUMES/volume-10-data-database-reference/34-DATA-OBSERVABILITY-AND-RECONCILIATION.md,03-DETAILED-VOLUMES,Data Observability and Reconciliation,1992,19235,09207e0614a7621357e4254aa9b766db7ab1ea839230eecc4c3f532d6c703953
03-DETAILED-VOLUMES/volume-10-data-database-reference/99-DATABASE-OWNERSHIP-AND-LINEAGE-MATRIX.md,03-DETAILED-VOLUMES,Database Ownership and Data Lineage Matrix,1992,18707,c63d5bab3afc2d025fd3edec6d14105e6b3a49e8ffed3fa6329f845149a8233d
03-DETAILED-VOLUMES/volume-11-api-event-workflow-tool-contracts/00-CONTRACT-ARCHITECTURE-INTRODUCTION.md,03-DETAILED-VOLUMES,Contract Architecture Introduction,1992,19141,ab89c7744b68582302b44947e2780a18b1b3f484b3b7aeb46dd93c0ee13eb071
03-DETAILED-VOLUMES/volume-11-api-event-workflow-tool-contracts/01-REST-AND-BFF-STANDARDS.md,03-DETAILED-VOLUMES,REST and BFF Standards,1994,18532,5f6e12a2cb3a8ca540d91ba2ffe1875407576323377272ff01b4d6db17ceff55
03-DETAILED-VOLUMES/volume-11-api-event-workflow-tool-contracts/02-GRPC-STANDARDS.md,03-DETAILED-VOLUMES,gRPC Standards,1990,18246,19775914605018f370b75a4678d8e961b02d8c1f6c17e8d49000f8ac61d6dd3e
03-DETAILED-VOLUMES/volume-11-api-event-workflow-tool-contracts/03-OPENAPI-GOVERNANCE.md,03-DETAILED-VOLUMES,OpenAPI Governance,1990,18434,55fc605a90f55a19ad0fb016fc22c6ed80b0e72d480079758700d58f2fbe3a78
03-DETAILED-VOLUMES/volume-11-api-event-workflow-tool-contracts/04-ASYNCAPI-GOVERNANCE.md,03-DETAILED-VOLUMES,AsyncAPI Governance,1990,18481,2341bdd34f8d95eaa9bdc95ed50f9d55cf602cd0e42b9c2cab3e53b644e141df
03-DETAILED-VOLUMES/volume-11-api-event-workflow-tool-contracts/05-COMMAND-AND-EVENT-SEMANTICS.md,03-DETAILED-VOLUMES,Command and Event Semantics,1994,18767,d492c44f6b3bc2a8b439e38c0dbf085c0a9228ee73fa94e51a3eab85ff0bf164
03-DETAILED-VOLUMES/volume-11-api-event-workflow-tool-contracts/06-EVENT-ENVELOPE.md,03-DETAILED-VOLUMES,Event Envelope,1990,18246,57a494df13518a33ede7d5f1c05f31ccda941c8abe0c0f0367d8590911a60680
03-DETAILED-VOLUMES/volume-11-api-event-workflow-tool-contracts/07-OUTBOX-AND-INBOX.md,03-DETAILED-VOLUMES,Outbox and Inbox,1992,18295,33f4b8355f9816a4ae926eced6d23710de4cbdf1f65dc89f7971a601edcda10b
03-DETAILED-VOLUMES/volume-11-api-event-workflow-tool-contracts/08-IDEMPOTENCY.md,03-DETAILED-VOLUMES,Idempotency,1988,18150,0995b1d721c5d8911d132f6d5fc6b316db97ebabfbce65af8cd8c7af19ff171b
03-DETAILED-VOLUMES/volume-11-api-event-workflow-tool-contracts/09-ORDERING-AND-CONCURRENCY.md,03-DETAILED-VOLUMES,Ordering and Concurrency,1992,18671,dfc5b201b449a370509d11052c89255a182c8ce41d039c9e68ac65ca6c195f1d
03-DETAILED-VOLUMES/volume-11-api-event-workflow-tool-contracts/10-REPLAY-AND-REPROCESSING.md,03-DETAILED-VOLUMES,Replay and Reprocessing,1992,18624,c8fc744d899f5e2a4d7d0b56a11760d62b629d24c9e9fbf0646a8c9b1a94c1f7
03-DETAILED-VOLUMES/volume-11-api-event-workflow-tool-contracts/11-DEAD-LETTER-QUEUES.md,03-DETAILED-VOLUMES,Dead Letter Queues,1992,18389,ab0a6b8514e186b65ae8d9e4e53c49da81a739f14f380797d91b4b3fa61c9c21
03-DETAILED-VOLUMES/volume-11-api-event-workflow-tool-contracts/12-WORKFLOW-STATE-AND-TIMERS.md,03-DETAILED-VOLUMES,Workflow State and Timers,1994,18673,f427c4a722f0cb2d7f03725cd6f5983119cbbe5d77059a6328e04de459b634d7
03-DETAILED-VOLUMES/volume-11-api-event-workflow-tool-contracts/13-COMPENSATION-AND-SAGA-SEMANTICS.md,03-DETAILED-VOLUMES,Compensation and Saga Semantics,1994,18955,c899fba1844901836f3e008e3cd4328796cc6b8fa40d5a14f9e18af517c01d14
03-DETAILED-VOLUMES/volume-11-api-event-workflow-tool-contracts/14-POLICY-CONTRACTS.md,03-DETAILED-VOLUMES,Policy Contracts,1990,18340,96426c489e9180c0c949a8ae911a9b34dc3f294bcf29f0fe88fe73b016c5578b
03-DETAILED-VOLUMES/volume-11-api-event-workflow-tool-contracts/15-MCP-TOOL-SCHEMAS.md,03-DETAILED-VOLUMES,MCP Tool Schemas,1992,18295,fda0eda4cc7fcca1159998bb2482b8a311ceed0f4d3a79e77f54ccbdd3369c0d
03-DETAILED-VOLUMES/volume-11-api-event-workflow-tool-contracts/16-COMPATIBILITY-AND-VERSIONING.md,03-DETAILED-VOLUMES,Compatibility and Versioning,1992,18859,6beef22ccfccc9b8f4abfde284dd496a39c679308e11c2eb4c5db8053aa8b015
03-DETAILED-VOLUMES/volume-11-api-event-workflow-tool-contracts/17-CONSUMER-DRIVEN-CONTRACTS.md,03-DETAILED-VOLUMES,Consumer-Driven Contracts,1990,18763,5b811704667df44062d106b0521c61938f0e231812c73a04a951cd5f2892bf1e
03-DETAILED-VOLUMES/volume-11-api-event-workflow-tool-contracts/18-CONTRACT-TESTING.md,03-DETAILED-VOLUMES,Contract Testing,1990,18340,72420844bcd6fe42fabd3be3a553b66314724d6c1448efedeea7128beed848e4
03-DETAILED-VOLUMES/volume-11-api-event-workflow-tool-contracts/19-WEBHOOK-CONTRACTS.md,03-DETAILED-VOLUMES,Webhook Contracts,1990,18387,cee7ed971ce976414814836689d72047f71d9510a71c5989a7f0dfe5ee222696
03-DETAILED-VOLUMES/volume-11-api-event-workflow-tool-contracts/20-EXTERNAL-PROVIDER-ADAPTERS.md,03-DETAILED-VOLUMES,External Provider Adapters,1992,18765,7d0cd61e49d8b2d46fc534835cd73e9486c25b8e2270a2d628d9cf1012997938
03-DETAILED-VOLUMES/volume-11-api-event-workflow-tool-contracts/21-ERROR-AND-PROBLEM-DETAILS.md,03-DETAILED-VOLUMES,Error and Problem Details,1994,18673,f641ae23bcda4ba05af0fa1723616c0b42dab0526668f269491377576f76d6cb
03-DETAILED-VOLUMES/volume-11-api-event-workflow-tool-contracts/22-PAGINATION-FILTERING-AND-SORTING.md,03-DETAILED-VOLUMES,Pagination Filtering and Sorting,1994,19002,fb639f00763f17e5def1b9f469f8789163f5c7d599c0c6f2d534b2bccfb866ad
03-DETAILED-VOLUMES/volume-11-api-event-workflow-tool-contracts/23-CORRELATION-CAUSATION-AND-TRACE-CONTEXT.md,03-DETAILED-VOLUMES,Correlation Causation and Trace Context,1996,19286,96ab84973a55d7ef2e22590fff47c2ac5cea657c0e120732060d9978c63c2335
03-DETAILED-VOLUMES/volume-11-api-event-workflow-tool-contracts/24-DEPRECATION-AND-RETIREMENT.md,03-DETAILED-VOLUMES,Deprecation and Retirement,1992,18765,d074d49b56e8d076367fd96abeabeb472bc1be5635a5f20b22be91c737a63f1f
03-DETAILED-VOLUMES/volume-11-api-event-workflow-tool-contracts/99-CONTRACT-CONFORMANCE-MATRIX.md,03-DETAILED-VOLUMES,Contract Conformance Matrix,1992,18800,c2281685cf9956eccde32289536b71272bd77c821a22d2a2e1e6f68be122eef4
03-DETAILED-VOLUMES/volume-12-platform-architecture/00-PLATFORM-ARCHITECTURE-INTRODUCTION.md,03-DETAILED-VOLUMES,Platform Architecture Introduction,1991,19186,e5f178f2b37679e34d50be070f403cfb3c14f5ee1f1aa6a2c427048700b9542c
03-DETAILED-VOLUMES/volume-12-platform-architecture/01-API-GATEWAY.md,03-DETAILED-VOLUMES,API Gateway,1988,18127,19b0540878971a119ff0c02d5d07669a5ad5445fa3f6a20945f3666249e1169f
03-DETAILED-VOLUMES/volume-12-platform-architecture/02-SERVICE-DISCOVERY.md,03-DETAILED-VOLUMES,Service Discovery,1988,18415,e489452caeeae063a5a0f2e00b9920dbb175332c3f35ecd6ac7dcee24d299757
03-DETAILED-VOLUMES/volume-12-platform-architecture/03-CONFIGURATION-SERVICE.md,03-DETAILED-VOLUMES,Configuration Service,1988,18607,523a1cb6dd2859a7fa8e0976d1bf6a83b2696a4db8e164a00f24fc2a14627360
03-DETAILED-VOLUMES/volume-12-platform-architecture/04-EVENT-BUS-SERVICE.md,03-DETAILED-VOLUMES,Event Bus Service,1991,18370,b2eea08fe73766e2f3cb45273e8ae03e866e71a12b0607852d9515dceffaa97b
03-DETAILED-VOLUMES/volume-12-platform-architecture/05-WORKFLOW-ENGINE-SERVICE.md,03-DETAILED-VOLUMES,Workflow Engine Service,1991,18658,0860775dc5c4d2bae24e203dbddb99a65db23427b7d3ec57bf577a2d6757a5ca
03-DETAILED-VOLUMES/volume-12-platform-architecture/06-MCP-LAYER.md,03-DETAILED-VOLUMES,MCP Layer,1988,18031,9eea6844ac384181ab2a60047b4d3e45e90064caf6e12ad999391e03ae8ad9b9
03-DETAILED-VOLUMES/volume-12-platform-architecture/07-OBSERVABILITY-SERVICE.md,03-DETAILED-VOLUMES,Observability Service,1988,18607,14b2f8d24d9877f472ccb38e1602bdc43556f78699c943962ba0192bfaa3ba90
03-DETAILED-VOLUMES/volume-12-platform-architecture/08-VAULT-AND-SECRET-PLATFORM.md,03-DETAILED-VOLUMES,Vault and Secret Platform,1994,18709,4209b73ab933f302deb0092e8738c4bc446720ffd193f3dd0c8c253cadd8ef97
03-DETAILED-VOLUMES/volume-12-platform-architecture/09-REPORT-SERVICE.md,03-DETAILED-VOLUMES,Report Service,1988,18271,4ed63ed524955355f962f77b17fd3607a50ad9a0e1743ffebdcbc0d03606ddb0
03-DETAILED-VOLUMES/volume-12-platform-architecture/10-OPERATOR-BACKEND.md,03-DETAILED-VOLUMES,Operator Backend,1988,18367,ded5883757e4e40110ae5d2eeb3196d5cf25e1d0c33e36e87e920d4b325349e7
03-DETAILED-VOLUMES/volume-12-platform-architecture/11-WEBSOCKET-GATEWAY.md,03-DETAILED-VOLUMES,WebSocket Gateway,1988,18415,48ae9b24233c8d3d4787984adce41598d149e76d9fbccfc9bd4841641045b299
03-DETAILED-VOLUMES/volume-12-platform-architecture/12-SELF-HEALING-SERVICE.md,03-DETAILED-VOLUMES,Self-Healing Service,1988,18559,9bb59fa3d9890ccc15c38ac67b1a29063d4f2bec4680204065b068ab90f7d852
03-DETAILED-VOLUMES/volume-12-platform-architecture/13-CACHE-INVALIDATION-SUBSCRIBER.md,03-DETAILED-VOLUMES,Cache Invalidation Subscriber,1991,18946,0c6caf461c405f45a1932a3925323d5bf1f59c30dfd40485ae97dcce387f046a
03-DETAILED-VOLUMES/volume-12-platform-architecture/14-SHARED-CONTRACTS-AND-LIBRARIES.md,03-DETAILED-VOLUMES,Shared Contracts and Libraries,1994,18949,4b21e73604e16084189b5ea6cc698995c5f51fa7ef661690d67afa47d6bb9540
03-DETAILED-VOLUMES/volume-12-platform-architecture/15-DEVELOPER-PLATFORM.md,03-DETAILED-VOLUMES,Developer Platform,1988,18463,02a525de34e694f9dd84c1335dfb86b4b52c0b0481535d2ea80f9e9a6fe80c6a
03-DETAILED-VOLUMES/volume-12-platform-architecture/99-VOLUME-CONFORMANCE-MATRIX.md,03-DETAILED-VOLUMES,Volume 12 Conformance and Evidence Matrix,1993,18809,e289b5b9f853759cf6eab65a13283507a11176e8bbf7838cbf4a29a0fbe04797
03-DETAILED-VOLUMES/volume-13-infrastructure-deployment/00-INFRASTRUCTURE-INTRODUCTION.md,03-DETAILED-VOLUMES,Infrastructure Introduction,1986,18881,7577e68caac028ab314ed8720f55ebf3c08003ca413b48947e67ca49b2df777b
03-DETAILED-VOLUMES/volume-13-infrastructure-deployment/01-LOCAL-DEVELOPMENT.md,03-DETAILED-VOLUMES,Local Development,1986,18401,4fbdae931cc4869ce905a358625a86aba042d0227d33a26a99c6733321e9ecb2
03-DETAILED-VOLUMES/volume-13-infrastructure-deployment/02-DOCKER-COMPOSE-PROFILES.md,03-DETAILED-VOLUMES,Docker Compose Profiles,1989,18644,4b34256d83aefacd7e2a085f1774a8d421173cfd7fa94922ac23cade85d4fcb1
03-DETAILED-VOLUMES/volume-13-infrastructure-deployment/03-CONTAINER-IMAGES.md,03-DETAILED-VOLUMES,Container Images,1986,18353,4602fe4bbf434880f7f0e8e037a5fb79b147eba36ec5faf74d771ada99c3e7d6
03-DETAILED-VOLUMES/volume-13-infrastructure-deployment/04-KUBERNETES-ARCHITECTURE.md,03-DETAILED-VOLUMES,Kubernetes Architecture,1986,18689,fb15952343f7a5e0197234e628189336dbd5ef7412eaf15412bc1d718e61f5f9
03-DETAILED-VOLUMES/volume-13-infrastructure-deployment/05-KUSTOMIZE-OVERLAYS.md,03-DETAILED-VOLUMES,Kustomize Overlays,1986,18449,caeb6836b3f173410610e6ffeb51d9923b2b01a56ef74d147440559fbb9b1f86
03-DETAILED-VOLUMES/volume-13-infrastructure-deployment/06-ISTIO-SERVICE-MESH.md,03-DETAILED-VOLUMES,Istio Service Mesh,1989,18404,1b7b371a6f4ba548d925a019ef004bad66c530521317b6ef893a8103a2edf076
03-DETAILED-VOLUMES/volume-13-infrastructure-deployment/07-HELM-PACKAGING.md,03-DETAILED-VOLUMES,Helm Packaging,1986,18257,e2532f37f9160da4f6fc8da88c55c16c569a784aabaa84c976d8196912187fd8
03-DETAILED-VOLUMES/volume-13-infrastructure-deployment/08-TERRAFORM-ARCHITECTURE.md,03-DETAILED-VOLUMES,Terraform Architecture,1986,18641,6df071f4d59404325e0f34c7b51b0dc317fc9f564146497e0a9eb20dbdf1669d
03-DETAILED-VOLUMES/volume-13-infrastructure-deployment/09-NETWORK-SEGMENTATION.md,03-DETAILED-VOLUMES,Network Segmentation,1986,18545,f5db730fdf507e7c49706f7d0dd5a9bd62722cfe4d32ae792dc59cd7015db555
03-DETAILED-VOLUMES/volume-13-infrastructure-deployment/10-INGRESS-AND-EGRESS.md,03-DETAILED-VOLUMES,Ingress and Egress,1989,18404,96838a7b6a4394949819f2057631c2f05259e232f5347b8820a3bd22f65dff47
03-DETAILED-VOLUMES/volume-13-infrastructure-deployment/11-DNS-AND-SERVICE-DISCOVERY.md,03-DETAILED-VOLUMES,DNS and Service Discovery,1992,18695,10c7865d99b63297bcb06d9a391db8bf506c780f24271749cad9538e38930cf5
03-DETAILED-VOLUMES/volume-13-infrastructure-deployment/12-COMPUTE-AND-SCHEDULING.md,03-DETAILED-VOLUMES,Compute and Scheduling,1989,18596,71063b790a931c605356771491cfef6ebfd410a494355fb9954881652558b6d6
03-DETAILED-VOLUMES/volume-13-infrastructure-deployment/13-PERSISTENT-STORAGE.md,03-DETAILED-VOLUMES,Persistent Storage,1986,18449,399f078635864039230186c94c63ea179ec3c0c518ccc2928726c657dd235233
03-DETAILED-VOLUMES/volume-13-infrastructure-deployment/14-REGIONAL-TOPOLOGY.md,03-DETAILED-VOLUMES,Regional Topology,1986,18401,91fa0067cfafa6e41a01f865ff3318534d593adebd111c66b939e70edf2bbf82
03-DETAILED-VOLUMES/volume-13-infrastructure-deployment/15-MULTI-REGION-AND-DR.md,03-DETAILED-VOLUMES,Multi-Region and DR,1989,18452,3ccbe195a2d20b95b1f6c5e3f907bf506778fc3e6c967c253abff6a88339ba9c
03-DETAILED-VOLUMES/volume-13-infrastructure-deployment/16-SECRETS-AND-CERTIFICATES.md,03-DETAILED-VOLUMES,Secrets and Certificates,1989,18692,aec26696616d75a1e9a5a7eb3bf478145b28644d0829eee503cee6a544a000ef
03-DETAILED-VOLUMES/volume-13-infrastructure-deployment/17-OBSERVABILITY-STACK.md,03-DETAILED-VOLUMES,Observability Stack,1986,18497,2862d5155eb094abfe6ddcf3b271b981e851ac1045719d26f953b0c28e11cdc5
03-DETAILED-VOLUMES/volume-13-infrastructure-deployment/18-CAPACITY-AND-PERFORMANCE.md,03-DETAILED-VOLUMES,Capacity and Performance,1989,18692,37a1173de4f830a6c9e918f9d3eea3e315cc1c95bce8f04d22eaaedf274220de
03-DETAILED-VOLUMES/volume-13-infrastructure-deployment/19-SOFTWARE-SUPPLY-CHAIN-SBOM-AND-PROVENANCE.md,03-DETAILED-VOLUMES,"Software Supply Chain, SBOM and Provenance",2026,19421,92cc76870d72c3f8c24ad698a0be2461e700a09eaafa8f1c995a50d32b76a2b4
03-DETAILED-VOLUMES/volume-13-infrastructure-deployment/99-VOLUME-CONFORMANCE-MATRIX.md,03-DETAILED-VOLUMES,Volume 13 Conformance and Evidence Matrix,1991,18795,b84e90455101df0fa860155e73c00d5762ddb67b2a8c929d18c0ca9f7aafaa95
03-DETAILED-VOLUMES/volume-14-security-privacy-compliance/00-SECURITY-ARCHITECTURE-INTRODUCTION.md,03-DETAILED-VOLUMES,Security Architecture Introduction,1993,19184,0ee16aa4110de7a58c2f3fa9618f8ad59237b75f5b12dd921c02f32772591634
03-DETAILED-VOLUMES/volume-14-security-privacy-compliance/01-ZERO-TRUST.md,03-DETAILED-VOLUMES,Zero Trust,1990,18077,4f57eecc9b5b0af89c0088c046417cbb4071fdc60b62fddbb0f33a7c7bf99633
03-DETAILED-VOLUMES/volume-14-security-privacy-compliance/02-AUTHENTICATION.md,03-DETAILED-VOLUMES,Authentication,1987,18314,c7bf9046e691c916b16d50380d0fd8343415b2f4fea9a66a9d0d4e2f18a5da79
03-DETAILED-VOLUMES/volume-14-security-privacy-compliance/03-AUTHORIZATION-AND-REBAC-ABAC.md,03-DETAILED-VOLUMES,Authorization and ReBAC ABAC,1996,18851,9b6d1b3027bc39bae20535e5a423e077722ca65505ddb452af5c34847d840339
03-DETAILED-VOLUMES/volume-14-security-privacy-compliance/04-TENANT-ISOLATION.md,03-DETAILED-VOLUMES,Tenant Isolation,1990,18365,83777120a2cdf6ea9ae8ed52e7360bae8b98ef3adda0ff98b8c5cebb28e5feef
03-DETAILED-VOLUMES/volume-14-security-privacy-compliance/05-DELEGATION-SECURITY.md,03-DETAILED-VOLUMES,Delegation Security,1990,18509,8665ef00cd4c6ee21c9606e9a4e65e7cc3713445db92537bd406e2055f3bdfcd
03-DETAILED-VOLUMES/volume-14-security-privacy-compliance/06-SECRETS-MANAGEMENT.md,03-DETAILED-VOLUMES,Secrets Management,1990,18461,15fb9d6f0b6dd80bdc6fd99999cdb3305ea82b22af8ccbb1f02f8fddd0f4f310
03-DETAILED-VOLUMES/volume-14-security-privacy-compliance/07-CRYPTOGRAPHY.md,03-DETAILED-VOLUMES,Cryptography,1987,18218,2f6c941276083e8d3436a7320a604ed2ec17a35d224ffad54fdf2a64bd20d007
03-DETAILED-VOLUMES/volume-14-security-privacy-compliance/08-PRIVACY-AND-PURPOSE.md,03-DETAILED-VOLUMES,Privacy and Purpose,1993,18464,7afb44062d898bf7600930968eabf0a9e4612b7f09006ccc80665d4a85ce4d01
03-DETAILED-VOLUMES/volume-14-security-privacy-compliance/09-DATA-RESIDENCY.md,03-DETAILED-VOLUMES,Data Residency,1990,18269,da8e47126b251f0611c2d913ebf1719485cfdf8f0828aadceeea11058f67ffb6
03-DETAILED-VOLUMES/volume-14-security-privacy-compliance/10-APPLICATION-SECURITY.md,03-DETAILED-VOLUMES,Application Security,1990,18557,29ef5000b4b16fa283c023cdbec185a38045d2abb294971356555545b0444adc
03-DETAILED-VOLUMES/volume-14-security-privacy-compliance/11-API-SECURITY.md,03-DETAILED-VOLUMES,API Security,1990,18173,e725678382fa85728e10bc4ec73f5c45c5dbd6ba401688931a80fb3a77bfbf5c
03-DETAILED-VOLUMES/volume-14-security-privacy-compliance/12-EVENT-SECURITY.md,03-DETAILED-VOLUMES,Event Security,1990,18269,ea05ae650f2d01412e02c80896cc7916ccab1a67be3fbdbfc47c89c7c400187c
03-DETAILED-VOLUMES/volume-14-security-privacy-compliance/13-WORKFLOW-SECURITY.md,03-DETAILED-VOLUMES,Workflow Security,1990,18413,bce31e2668a4256a57066c69efd37a4d9bc4ede1d79550d894340a720b45ad63
03-DETAILED-VOLUMES/volume-14-security-privacy-compliance/14-DATABASE-SECURITY.md,03-DETAILED-VOLUMES,Database Security,1990,18413,4b70b69e3f29572880ccea012c8778f77d71fbc7fab9b946e20c13cea92b9e2b
03-DETAILED-VOLUMES/volume-14-security-privacy-compliance/15-PORTAL-AND-BROWSER-SECURITY.md,03-DETAILED-VOLUMES,Portal and Browser Security,1996,18803,d7caf92f6438073a72290eca4728ec74b25a6bd3b0ac00186ce09d74ab94e014
03-DETAILED-VOLUMES/volume-14-security-privacy-compliance/16-MOBILE-SECURITY.md,03-DETAILED-VOLUMES,Mobile Security,1990,18317,4e6a874562d9a2328141b3710e1e9935679041eacafd39810091b53ead79537d
03-DETAILED-VOLUMES/volume-14-security-privacy-compliance/17-AI-SECURITY.md,03-DETAILED-VOLUMES,AI Security,1990,18125,539c8d1fa17a07558cac0574d4d296b25ed0a34a54cc94c537d5a8f7b0e1e54f
03-DETAILED-VOLUMES/volume-14-security-privacy-compliance/18-PROMPT-INJECTION.md,03-DETAILED-VOLUMES,Prompt Injection,1990,18365,5847a1ecc4f324b772a85547a10555d4d4e49b8394377c997d150361f45eee78
03-DETAILED-VOLUMES/volume-14-security-privacy-compliance/19-BROWSER-AND-CODE-SANDBOXING.md,03-DETAILED-VOLUMES,Browser and Code Sandboxing,1996,18803,95ea7b52d2815b44f5973cbf97e8ce62c850ed087bd324d21a2dfb8762ee55ed
03-DETAILED-VOLUMES/volume-14-security-privacy-compliance/20-FRAUD-AND-ABUSE.md,03-DETAILED-VOLUMES,Fraud and Abuse,1993,18272,07d34a1ab5575dfca5f8405d478fc8fc547bdbb3350e23740978b037d5c129b0
03-DETAILED-VOLUMES/volume-14-security-privacy-compliance/21-AUDIT-AND-NON-REPUDIATION.md,03-DETAILED-VOLUMES,Audit and Non-Repudiation,1993,18752,1f2793c7f86bb7e2ca98d9acd34a54c73b7c19e3864354a1ce7c0da9a5355673
03-DETAILED-VOLUMES/volume-14-security-privacy-compliance/22-THREAT-MODELING.md,03-DETAILED-VOLUMES,Threat Modeling,1990,18317,3549bddceba2f3e9ab2fc24a93df72162d7295048112570b46f6addb744e3b45
03-DETAILED-VOLUMES/volume-14-security-privacy-compliance/23-INCIDENT-RESPONSE.md,03-DETAILED-VOLUMES,Incident Response,1990,18413,ac6161efb24b885aa75e99df93a7c1a0e46fa7ac58726c4b3ea352c51dee2b12
03-DETAILED-VOLUMES/volume-14-security-privacy-compliance/24-REGULATORY-EVIDENCE.md,03-DETAILED-VOLUMES,Regulatory Evidence,1990,18509,74087e1030495f68d50704a6aa49457757c408a0eea5e42b4740b7851834a88c
03-DETAILED-VOLUMES/volume-14-security-privacy-compliance/99-VOLUME-CONFORMANCE-MATRIX.md,03-DETAILED-VOLUMES,Volume 14 Conformance and Evidence Matrix,1995,18807,1f71f2f4c5d5a4adc147bb04ed7ff4784039e9178a9d26eae2678ed6f0c94b3b
03-DETAILED-VOLUMES/volume-15-engineering-handbook/00-ENGINEERING-HANDBOOK-INTRODUCTION.md,03-DETAILED-VOLUMES,Engineering Handbook Introduction,1989,19118,f3a4f9d650b78d66404be59e4d938c691d0a6478389de9be457548bd4d2f2aca
03-DETAILED-VOLUMES/volume-15-engineering-handbook/01-REPOSITORY-STANDARDS.md,03-DETAILED-VOLUMES,Repository Standards,1986,18539,1650807d735779c6e9068e14a0c171ed1083c35163d50be5d9435647a017b253
03-DETAILED-VOLUMES/volume-15-engineering-handbook/02-JAVA-21-STANDARDS.md,03-DETAILED-VOLUMES,Java 21 Standards,1989,18350,1c11d33ad78d49dff2b57c6e997b2a4ee42405b1c069bb472a0f59167cb16f0b
03-DETAILED-VOLUMES/volume-15-engineering-handbook/03-SPRING-BOOT-STANDARDS.md,03-DETAILED-VOLUMES,Spring Boot Standards,1989,18542,264cf9452e3ff824a11d14d7a1ef9522b48015aa3cecf031d97b2d98d2445e4f
03-DETAILED-VOLUMES/volume-15-engineering-handbook/04-TYPESCRIPT-STANDARDS.md,03-DETAILED-VOLUMES,TypeScript Standards,1986,18539,a4706d43845639905a151724addaf7f8d42d275392a833359a7ad582934564df
03-DETAILED-VOLUMES/volume-15-engineering-handbook/05-NEXT-JS-STANDARDS.md,03-DETAILED-VOLUMES,Next.js Standards,2017,18395,3f45da80df4cfe93292a61c4bff4d502edb54211e593d4580d6f95c8c1509ee1
03-DETAILED-VOLUMES/volume-15-engineering-handbook/06-SHARED-UI-AND-DESIGN-SYSTEM.md,03-DETAILED-VOLUMES,Shared UI and Design System,1995,18740,f9d8245c3ec145353b425f1c348d2a46587927f1959da79fea7d3dc5943681ea
03-DETAILED-VOLUMES/volume-15-engineering-handbook/07-DOMAIN-MODELING.md,03-DETAILED-VOLUMES,Domain Modeling,1986,18299,6171ec0f72cc8ed72945ba58e575eedd3f3dd49302004f7f295226104b2440b5
03-DETAILED-VOLUMES/volume-15-engineering-handbook/08-API-IMPLEMENTATION.md,03-DETAILED-VOLUMES,API Implementation,1986,18443,f6d8005c5f1790c5df4395677ff538e56fb219e66072c6eab599cd99399deb00
03-DETAILED-VOLUMES/volume-15-engineering-handbook/09-EVENT-IMPLEMENTATION.md,03-DETAILED-VOLUMES,Event Implementation,1986,18539,53da7f500ccae7d511758ca9b31d4d0af83bf9e7cfb67fd5fe654f1710cb5ee1
03-DETAILED-VOLUMES/volume-15-engineering-handbook/10-WORKFLOW-IMPLEMENTATION.md,03-DETAILED-VOLUMES,Workflow Implementation,1986,18683,0b3df9632b5a3757113af9dc1a9473826938123690160edc195c571624748b47
03-DETAILED-VOLUMES/volume-15-engineering-handbook/11-DATABASE-MIGRATION-STANDARDS.md,03-DETAILED-VOLUMES,Database Migration Standards,1989,18878,a6b50993ad84e65971aa5ecc5513668be126a90e1f760726d4361e2cc50528e6
03-DETAILED-VOLUMES/volume-15-engineering-handbook/12-TESTING-STRATEGY.md,03-DETAILED-VOLUMES,Testing Strategy,1986,18347,b37313933ce869e23f4cdbc10794694bede7c4603fec58827aeed90a6e35c057
03-DETAILED-VOLUMES/volume-15-engineering-handbook/13-CI-CD.md,03-DETAILED-VOLUMES,CI CD,1986,17819,31baedcdba1d579421967e3dc3c4f29dc269649660f9d91fa3d929ed9be59bb9
03-DETAILED-VOLUMES/volume-15-engineering-handbook/14-DEPENDENCY-MANAGEMENT.md,03-DETAILED-VOLUMES,Dependency Management,1986,18587,c84dceccc0a1060d9b71da9711fc88ae8ce1cf808bb7ca4e5d13a1cc94f314bc
03-DETAILED-VOLUMES/volume-15-engineering-handbook/15-FEATURE-FLAGS.md,03-DETAILED-VOLUMES,Feature Flags,1986,18203,df13b76c67f9757780177e17a812e3853371603b9c91482c3520b7926bf9e9b3
03-DETAILED-VOLUMES/volume-15-engineering-handbook/16-OBSERVABILITY-IMPLEMENTATION.md,03-DETAILED-VOLUMES,Observability Implementation,1986,18923,19d25e5db95c9afbe2e5b5a996e9d17d9d8e46a64ee56f85e1349cbda02db2cc
03-DETAILED-VOLUMES/volume-15-engineering-handbook/17-CODE-REVIEW.md,03-DETAILED-VOLUMES,Code Review,1986,18107,94e4509a436b8b701b91e83ddaea3fb9644ee80ba3d53262e9012131503acf8f
03-DETAILED-VOLUMES/volume-15-engineering-handbook/18-ARCHITECTURE-TESTS.md,03-DETAILED-VOLUMES,Architecture Tests,1986,18443,aac8a8e48b12331dabccbc0096c534be75286ce87d12f041fd518b97abaf300c
03-DETAILED-VOLUMES/volume-15-engineering-handbook/19-DEFINITION-OF-DONE-AND-DOCUMENTATION-AS-CODE.md,03-DETAILED-VOLUMES,Definition of Done and Documentation as Code,2001,19466,6463eceb1b3c3b19ecc031c198505e8a88c1b0abd6501da77b0f6550145915f9
03-DETAILED-VOLUMES/volume-15-engineering-handbook/99-VOLUME-CONFORMANCE-MATRIX.md,03-DETAILED-VOLUMES,Volume 15 Conformance and Evidence Matrix,1991,18789,cced7991c8da994999505a4127412d42c4028f94612e005c461bad5d95f172af
03-DETAILED-VOLUMES/volume-16-operations-sre/00-SRE-HANDBOOK-INTRODUCTION.md,03-DETAILED-VOLUMES,SRE Handbook Introduction,1989,18718,d209233914898a79bfe949b0a2368b9979e258bf677f8dc39cbc076948a254df
03-DETAILED-VOLUMES/volume-16-operations-sre/01-SERVICE-OWNERSHIP.md,03-DETAILED-VOLUMES,Service Ownership,1986,18379,df2f124afd9d3d313198030bc92dbfe7919bcb3296388d0cd12dfd717d922947
03-DETAILED-VOLUMES/volume-16-operations-sre/02-SLI-SLO-AND-ERROR-BUDGETS.md,03-DETAILED-VOLUMES,SLI SLO and Error Budgets,1995,18628,ee0a8e20b8fff7cea2e424bba831694a7067c0e9a0814b0e8cad09e5e186f7bf
03-DETAILED-VOLUMES/volume-16-operations-sre/03-ON-CALL.md,03-DETAILED-VOLUMES,On-Call,1983,17944,20e4a2f516511865681f0598d848343fb0db7d0e4d19aed6e2f0c511b0e224cb
03-DETAILED-VOLUMES/volume-16-operations-sre/04-RUNBOOK-STANDARD.md,03-DETAILED-VOLUMES,Runbook Standard,1986,18331,5d11956ae96e99e425875bd4fa954bf4e53b5d0b5bf502be7f0e7bd9c319e850
03-DETAILED-VOLUMES/volume-16-operations-sre/05-INCIDENT-COMMAND.md,03-DETAILED-VOLUMES,Incident Command,1986,18331,890b2bfc8d1fef28915902a7a457d02db8e3eb30988d23c780de090e2cd9884f
03-DETAILED-VOLUMES/volume-16-operations-sre/06-CHANGE-MANAGEMENT.md,03-DETAILED-VOLUMES,Change Management,1986,18379,8c50d63f8fe88afd44fece6fbed189a93c0552ea18305b42f57d94add59d581c
03-DETAILED-VOLUMES/volume-16-operations-sre/07-RELEASE-AND-ROLLBACK.md,03-DETAILED-VOLUMES,Release and Rollback,1989,18478,5ad45f99590b1bcf97041049c876cb97be6d739fbddd341b7650536a111ff084
03-DETAILED-VOLUMES/volume-16-operations-sre/08-BACKUP-AND-RESTORE.md,03-DETAILED-VOLUMES,Backup and Restore,1989,18382,68c3d377be08124e2b361c5719cf3080f1d25c811da3e58d18fabf1ffa223e30
03-DETAILED-VOLUMES/volume-16-operations-sre/09-RECOVERY-AND-RECONCILIATION.md,03-DETAILED-VOLUMES,Recovery and Reconciliation,1989,18814,7c929e55eb2840629c3928b10377499478f26a943462ebb706d36f4abfd602db
03-DETAILED-VOLUMES/volume-16-operations-sre/10-CAPACITY-MANAGEMENT.md,03-DETAILED-VOLUMES,Capacity Management,1986,18475,586e486e81cc19bb62a0e8acc15f84a6fde5602d7412e9dbf0366e1ca924bd8d
03-DETAILED-VOLUMES/volume-16-operations-sre/11-COST-MANAGEMENT.md,03-DETAILED-VOLUMES,Cost Management,1986,18283,c234bcefdaa1b8b254dd0b3ad5aee9dbfa3df4abb6712ea1581eb3d698fbf51b
03-DETAILED-VOLUMES/volume-16-operations-sre/12-SECURITY-INCIDENT-OPERATIONS.md,03-DETAILED-VOLUMES,Security Incident Operations,1989,18862,660b6fb43018a28dab0ac072209cd5bf0391a821add77db1c0b3800f6ebfb496
03-DETAILED-VOLUMES/volume-16-operations-sre/13-AI-INCIDENT-OPERATIONS.md,03-DETAILED-VOLUMES,AI Incident Operations,1989,18574,4eddf4a40d90327246d0b96c97a0d64365bac1557a348b12f36f9e7bfa5f9d19
03-DETAILED-VOLUMES/volume-16-operations-sre/14-PARTNER-AND-PROVIDER-OUTAGE-HANDLING.md,03-DETAILED-VOLUMES,Partner and Provider Outage Handling,1995,19156,5e09b999002f7f8a9239065c5bbc0cc9c320c7595bd1eed4701b5a2e48582f6a
03-DETAILED-VOLUMES/volume-16-operations-sre/15-DATA-INCIDENT-OPERATIONS.md,03-DETAILED-VOLUMES,Data Incident Operations,1989,18670,fb20c81951c7cea75a7ec723811513df23126b6b79c749e7e4c3ddac8327a431
03-DETAILED-VOLUMES/volume-16-operations-sre/16-BUSINESS-CONTINUITY.md,03-DETAILED-VOLUMES,Business Continuity,1986,18475,6a0fbea91e2ace9ab8fce9056296183ef7dcb7b864fab10bbcbfb9c44ba812fb
03-DETAILED-VOLUMES/volume-16-operations-sre/17-POST-INCIDENT-LEARNING.md,03-DETAILED-VOLUMES,Post-Incident Learning,1986,18619,6ae9b2161a8f2d5572071b04ead0136c540a5557cf228bfda1fd5547a83afc85
03-DETAILED-VOLUMES/volume-16-operations-sre/18-OPERATIONAL-READINESS-REVIEW.md,03-DETAILED-VOLUMES,Operational Readiness Review,1989,18862,d12dce7de984cd54415a4270de623bb003c10a4377d295d416d5c107c2c63bdc
03-DETAILED-VOLUMES/volume-16-operations-sre/19-EXECUTIVE-OPERATIONAL-REPORTING.md,03-DETAILED-VOLUMES,Executive Operational Reporting,1989,19006,de3f9687166c6e1a00d7b0ac6d01c3c2fbef0968c1fbe5218f3442fafd855e7b
03-DETAILED-VOLUMES/volume-16-operations-sre/99-VOLUME-CONFORMANCE-MATRIX.md,03-DETAILED-VOLUMES,Volume 16 Conformance and Evidence Matrix,1991,18773,b51c034dc69fe68512e8b027a104d35305899383d8ced8608aee2a2e5478a66c
03-DETAILED-VOLUMES/volume-17-testing-verification-conformance/00-TESTING-AND-CONFORMANCE-INTRODUCTION.md,03-DETAILED-VOLUMES,Testing and Conformance Introduction,1994,19233,88e260d547496ad2be707082f68db5807ca9397f6ace34f667cd83d73ff1c32e
03-DETAILED-VOLUMES/volume-17-testing-verification-conformance/01-UNIT-TESTING.md,03-DETAILED-VOLUMES,Unit Testing,1988,18171,c1b2717bb06137167cd7ab723c08bcea9491a7da7be0c837ba60b72d467953bd
03-DETAILED-VOLUMES/volume-17-testing-verification-conformance/02-PROPERTY-TESTING.md,03-DETAILED-VOLUMES,Property Testing,1988,18363,3859671175ef987cca6b52cf27ac07be33835c2e147abcb1e58182664de6f154
03-DETAILED-VOLUMES/volume-17-testing-verification-conformance/03-AGGREGATE-INVARIANT-TESTING.md,03-DETAILED-VOLUMES,Aggregate Invariant Testing,1991,18846,bea011f54778832c68e70939a10969f4c62596b017fa012d6247d88f3c1ef456
03-DETAILED-VOLUMES/volume-17-testing-verification-conformance/04-CONTRACT-TESTING.md,03-DETAILED-VOLUMES,Contract Testing,1988,18363,fa7097ce3609c2b8b73a5239cba2072a03a880e30d0239ca393db04144f22740
03-DETAILED-VOLUMES/volume-17-testing-verification-conformance/05-TESTCONTAINERS-INTEGRATION.md,03-DETAILED-VOLUMES,Testcontainers Integration,1988,18843,088d58049461823e231cdeff13079de403b1d3fbe716ddc368239373cfd691fe
03-DETAILED-VOLUMES/volume-17-testing-verification-conformance/06-DATABASE-MIGRATION-VERIFICATION.md,03-DETAILED-VOLUMES,Database Migration Verification,1991,19038,63ee5c7f2a84a24636be48acc48775eeed3779780af23ba412cdcd0f472c05dc
03-DETAILED-VOLUMES/volume-17-testing-verification-conformance/07-ARCHITECTURE-TESTS.md,03-DETAILED-VOLUMES,Architecture Tests,1988,18459,fd4f2af0c0f0300a8394138cb56fd697801e6a42e92968e50d8526925fcb006b
03-DETAILED-VOLUMES/volume-17-testing-verification-conformance/08-TENANT-ISOLATION-TESTS.md,03-DETAILED-VOLUMES,Tenant Isolation Tests,1991,18606,ba3785f9b42aca060f89562c189e04f494046a93051ceae876b8d9ea821863d2
03-DETAILED-VOLUMES/volume-17-testing-verification-conformance/09-SECURITY-ADVERSARIAL-TESTS.md,03-DETAILED-VOLUMES,Security Adversarial Tests,1991,18798,38c7f5439a3ec007c5bbe0d12c8d6bfacabeab07e770e5fb9ee73c63403da1ea
03-DETAILED-VOLUMES/volume-17-testing-verification-conformance/10-EVENT-REPLAY-TESTS.md,03-DETAILED-VOLUMES,Event Replay Tests,1991,18414,e5a60664401717d5a34b2f087088f1cd5b251cee4e758b4df4b775677de4c6e3
03-DETAILED-VOLUMES/volume-17-testing-verification-conformance/11-WORKFLOW-RESTART-AND-COMPENSATION-TESTS.md,03-DETAILED-VOLUMES,Workflow Restart and Compensation Tests,1997,19332,e8d35dbfb5369c5ec857c1434cd411bc64f49ccc5eac727449fc410d84e2285b
03-DETAILED-VOLUMES/volume-17-testing-verification-conformance/12-AI-EVALUATION.md,03-DETAILED-VOLUMES,AI Evaluation,1988,18219,e907625d3b7cc9f525f926d932d84306d751d9013ce32d202c74d4b294d302da
03-DETAILED-VOLUMES/volume-17-testing-verification-conformance/13-PORTAL-E2E-JOURNEYS.md,03-DETAILED-VOLUMES,Portal E2E Journeys,1991,18462,79a9be12f891fe11c6a549f5a61180977553a96055e364489e56873f66ac06de
03-DETAILED-VOLUMES/volume-17-testing-verification-conformance/14-ACCESSIBILITY-TESTING.md,03-DETAILED-VOLUMES,Accessibility Testing,1988,18603,2838cba3965563c2f810763be8d00d7c7b18e08cf0d109bcb6d718abb0c8904e
03-DETAILED-VOLUMES/volume-17-testing-verification-conformance/15-PERFORMANCE-AND-CAPACITY-TESTING.md,03-DETAILED-VOLUMES,Performance and Capacity Testing,1994,19041,6bee7e8b2fd286920047ec7f817c426fee0e76a93e5309b026dc439529303c7c
03-DETAILED-VOLUMES/volume-17-testing-verification-conformance/16-RESILIENCE-AND-FAULT-INJECTION.md,03-DETAILED-VOLUMES,Resilience and Fault Injection,1994,18945,e893ec6f9b17d8c7d92b70bacf689edd817f533d755e9351dbeea3088f1fb620
03-DETAILED-VOLUMES/volume-17-testing-verification-conformance/17-DISASTER-RECOVERY-EXERCISES.md,03-DETAILED-VOLUMES,Disaster Recovery Exercises,1991,18846,25d4d2e7d7ea4c1e41b1103c12cbf591d899b5e4b02d34803d6b0554e2492926
03-DETAILED-VOLUMES/volume-17-testing-verification-conformance/18-PARTNER-CERTIFICATION.md,03-DETAILED-VOLUMES,Partner Certification,1988,18603,13b32cebc4452f9c315ec8925dc9dae21252b0bb005ec56d2b387c1674c2f176
03-DETAILED-VOLUMES/volume-17-testing-verification-conformance/19-CONTINUOUS-CONFORMANCE.md,03-DETAILED-VOLUMES,Continuous Conformance,1988,18651,e23845c0ed257cffd23fd124d3f3bf39e475ce972fa743a2b8c4d155c550d4d3
03-DETAILED-VOLUMES/volume-17-testing-verification-conformance/99-VOLUME-CONFORMANCE-MATRIX.md,03-DETAILED-VOLUMES,Volume 17 Conformance and Evidence Matrix,1993,18805,d41d29b9a8bbc8628916ea7ff034123ad531c1ba0e94e996377d6cbfc11295d7
03-DETAILED-VOLUMES/volume-18-migration-legacy-evolution/00-MIGRATION-AND-EVOLUTION-INTRODUCTION.md,03-DETAILED-VOLUMES,Migration and Evolution Introduction,1992,19213,3d8846bcd26cc20bfa6c4e215a263c846d05e09515dfa20b11439087367d0a9d
03-DETAILED-VOLUMES/volume-18-migration-legacy-evolution/01-GTOS-CORE-AND-MONOLITH-HISTORY.md,03-DETAILED-VOLUMES,GTOS Core and Monolith History,1995,18880,ef41af8a5e4c7caba0571c7b9a60823181c7fce2ed71b1067076f00f0945de32
03-DETAILED-VOLUMES/volume-18-migration-legacy-evolution/02-DUPLICATE-PACKAGE-MIGRATION.md,03-DETAILED-VOLUMES,Duplicate Package Migration,1989,18826,4c49f74ba7bd60acb9d718d98763b84f6e36a1585a83f81092a938b1212b5703
03-DETAILED-VOLUMES/volume-18-migration-legacy-evolution/03-STRANGLER-PATTERNS.md,03-DETAILED-VOLUMES,Strangler Patterns,1986,18439,b731f16b6f9315d934c08f4b73d738605ae23d0305a2a8eacbdc1860a4596e8e
03-DETAILED-VOLUMES/volume-18-migration-legacy-evolution/04-ANTI-CORRUPTION-LAYERS.md,03-DETAILED-VOLUMES,Anti-Corruption Layers,1986,18631,09e93c7fe21f98f32d88af32338f79a96d80d643cc4d16d3a18b99982ed0cd9f
03-DETAILED-VOLUMES/volume-18-migration-legacy-evolution/05-API-CLIENT-MIGRATION.md,03-DETAILED-VOLUMES,API Client Migration,1989,18490,aa20635b85d43b791159bb3aa3d626b1a6e891a1669e68865b1015bced0ec1c2
03-DETAILED-VOLUMES/volume-18-migration-legacy-evolution/06-DATABASE-OWNERSHIP-MIGRATION.md,03-DETAILED-VOLUMES,Database Ownership Migration,1989,18874,7aaa3a0425cff87d04c81677686ac36d8acb10df38884024f05eafc918552926
03-DETAILED-VOLUMES/volume-18-migration-legacy-evolution/07-SCHEMA-CORRECTION.md,03-DETAILED-VOLUMES,Schema Correction,1986,18391,79e6be182dcc9d3bda5f09fcd4e26286e7c05de0b3ed89a7b37eb0e7cf0f2bb4
03-DETAILED-VOLUMES/volume-18-migration-legacy-evolution/08-DEPRECATED-TABLES-AND-ENTITIES.md,03-DETAILED-VOLUMES,Deprecated Tables and Entities,1992,18925,177c13f744ca141028c4e9c0c0e30bd5a603db8ea20fb08b68cc12dfc645d9d4
03-DETAILED-VOLUMES/volume-18-migration-legacy-evolution/09-SERVICE-EXTRACTION.md,03-DETAILED-VOLUMES,Service Extraction,1986,18439,9680245da43befcb902007db02498ddee8860ff63416c9ce06a8f22e524820f2
03-DETAILED-VOLUMES/volume-18-migration-legacy-evolution/10-TRAFFIC-CUTOVER.md,03-DETAILED-VOLUMES,Traffic Cutover,1986,18295,a0da75c16dabc5116ce367a493f46510b5cee128133f7043a094f7839da41b5f
03-DETAILED-VOLUMES/volume-18-migration-legacy-evolution/11-COMPATIBILITY-ADAPTERS.md,03-DETAILED-VOLUMES,Compatibility Adapters,1986,18631,9e0b8dbc8536bab01d06fe1f6c8cbf957be7291028099a366fe9a06f5681fc2e
03-DETAILED-VOLUMES/volume-18-migration-legacy-evolution/12-DUAL-RUN-AND-RECONCILIATION.md,03-DETAILED-VOLUMES,Dual Run and Reconciliation,1992,18781,ecd4c89107d56a8bf573ad32c57c9aaeb03395c9ca1791a9dffbb93a8abc8efc
03-DETAILED-VOLUMES/volume-18-migration-legacy-evolution/13-ROLLBACK-AND-DECOMMISSIONING.md,03-DETAILED-VOLUMES,Rollback and Decommissioning,1989,18874,d594d620d4f83a3a58f906b5d2eba9f705dbf3330be7147a6c47c5e38549cd8f
03-DETAILED-VOLUMES/volume-18-migration-legacy-evolution/14-SEMANTIC-VERSIONING-AND-FUTURE-EVOLUTION.md,03-DETAILED-VOLUMES,Semantic Versioning and Future Evolution,1995,19360,c0ddfb3765006ec35bfa770d852111f90d3a1239eb893b32a60091ace0d76c89
03-DETAILED-VOLUMES/volume-18-migration-legacy-evolution/99-VOLUME-CONFORMANCE-MATRIX.md,03-DETAILED-VOLUMES,Volume 18 Conformance and Evidence Matrix,1991,18785,f9e04f4783a393563b642c92c6a007677b571f84726087044f8cd88739d55344
03-DETAILED-VOLUMES/volume-19-implementation-profiles/00-CUSTOMER-PORTAL-PROFILE/00-PROFILE-SCOPE-ACTORS-CAPABILITIES-AND-CONSTRAINTS.md,03-DETAILED-VOLUMES,"Customer Portal Profile — Profile Scope, Actors, Capabilities, and Constraints",1990,18640,45fb3c924dd069aae5703f85bd0623a379e858be9cbc8f55bd6c77421adec11c
03-DETAILED-VOLUMES/volume-19-implementation-profiles/00-CUSTOMER-PORTAL-PROFILE/01-ARCHITECTURE-DATA-SECURITY-AI-AND-OPERATIONS.md,03-DETAILED-VOLUMES,"Customer Portal Profile — Architecture, Data, Security, AI, and Operations",1994,19189,989897511701cdbfbdb2eb7daff01b811d3773b692e42791566cd031187fde52
03-DETAILED-VOLUMES/volume-19-implementation-profiles/00-CUSTOMER-PORTAL-PROFILE/02-DEPLOYMENT-MIGRATION-TESTING-CERTIFICATION-AND-EVIDENCE.md,03-DETAILED-VOLUMES,"Customer Portal Profile — Deployment, Migration, Testing, Certification, and Evidence",1994,19178,66a0d86438744071f2e7cfa138f50295b620788dd50c9e6784b421567b1001d4
03-DETAILED-VOLUMES/volume-19-implementation-profiles/01-PARTNER-PORTAL-PROFILE/00-PROFILE-SCOPE-ACTORS-CAPABILITIES-AND-CONSTRAINTS.md,03-DETAILED-VOLUMES,"Partner Portal Profile — Profile Scope, Actors, Capabilities, and Constraints",1990,18593,287d5f889024c4d94b2175e4526f31ac4731037903a90ee21d51c4cef5aa96e4
03-DETAILED-VOLUMES/volume-19-implementation-profiles/01-PARTNER-PORTAL-PROFILE/01-ARCHITECTURE-DATA-SECURITY-AI-AND-OPERATIONS.md,03-DETAILED-VOLUMES,"Partner Portal Profile — Architecture, Data, Security, AI, and Operations",1994,19142,cd0dd1fd7d925d7c7d7e82b91e71dc731764f3976ad4cf554c6a22105459dd45
03-DETAILED-VOLUMES/volume-19-implementation-profiles/01-PARTNER-PORTAL-PROFILE/02-DEPLOYMENT-MIGRATION-TESTING-CERTIFICATION-AND-EVIDENCE.md,03-DETAILED-VOLUMES,"Partner Portal Profile — Deployment, Migration, Testing, Certification, and Evidence",1994,19131,a62c99442f30e9b926e7f517feb051a30f2f0c186beb9c9087ed1d7aac7d5d58
03-DETAILED-VOLUMES/volume-19-implementation-profiles/02-PROVIDER-PORTAL-PROFILE/00-PROFILE-SCOPE-ACTORS-CAPABILITIES-AND-CONSTRAINTS.md,03-DETAILED-VOLUMES,"Provider Portal Profile — Profile Scope, Actors, Capabilities, and Constraints",1990,18640,3b4332412decd46f55f6bd71bd9ca0467e151947caba0a48c294f69208960ffc
03-DETAILED-VOLUMES/volume-19-implementation-profiles/02-PROVIDER-PORTAL-PROFILE/01-ARCHITECTURE-DATA-SECURITY-AI-AND-OPERATIONS.md,03-DETAILED-VOLUMES,"Provider Portal Profile — Architecture, Data, Security, AI, and Operations",1994,19189,312d849b2068dcc9c08d00f3c688fcf3a152b07e4fcdf3ee32d7603d5251ad33
03-DETAILED-VOLUMES/volume-19-implementation-profiles/02-PROVIDER-PORTAL-PROFILE/02-DEPLOYMENT-MIGRATION-TESTING-CERTIFICATION-AND-EVIDENCE.md,03-DETAILED-VOLUMES,"Provider Portal Profile — Deployment, Migration, Testing, Certification, and Evidence",1994,19178,2007e08ebf736939470133d0745d6a9c8407e1e1df7e9bd8dd7297d39702e3fb
03-DETAILED-VOLUMES/volume-19-implementation-profiles/03-OPERATOR-PROFILE/00-PROFILE-SCOPE-ACTORS-CAPABILITIES-AND-CONSTRAINTS.md,03-DETAILED-VOLUMES,"Operator Profile — Profile Scope, Actors, Capabilities, and Constraints",1988,18356,420a6b4d74cd0a6fed11577525b27645180d1cf2985408e0d8d3d5c4357b01ca
03-DETAILED-VOLUMES/volume-19-implementation-profiles/03-OPERATOR-PROFILE/01-ARCHITECTURE-DATA-SECURITY-AI-AND-OPERATIONS.md,03-DETAILED-VOLUMES,"Operator Profile — Architecture, Data, Security, AI, and Operations",1992,18905,492cc94a3d8ba467ed4c51dc224e401deede5062eec3adb6f32c0d405a164716
03-DETAILED-VOLUMES/volume-19-implementation-profiles/03-OPERATOR-PROFILE/02-DEPLOYMENT-MIGRATION-TESTING-CERTIFICATION-AND-EVIDENCE.md,03-DETAILED-VOLUMES,"Operator Profile — Deployment, Migration, Testing, Certification, and Evidence",1992,18894,632340b29948002cc9d7d1a90f925356c32b764c9a2b90fdb1c5312fef9798fe
03-DETAILED-VOLUMES/volume-19-implementation-profiles/04-WAREHOUSE-PROFILE/00-PROFILE-SCOPE-ACTORS-CAPABILITIES-AND-CONSTRAINTS.md,03-DETAILED-VOLUMES,"Warehouse Profile — Profile Scope, Actors, Capabilities, and Constraints",1988,18403,5c094998ce41918224f7ae91d4d93392b0d63c91a2cb3acb3666e1f0fed484f0
03-DETAILED-VOLUMES/volume-19-implementation-profiles/04-WAREHOUSE-PROFILE/01-ARCHITECTURE-DATA-SECURITY-AI-AND-OPERATIONS.md,03-DETAILED-VOLUMES,"Warehouse Profile — Architecture, Data, Security, AI, and Operations",1992,18952,3fa6c7aeec9343879d3ad6ec0103a0d3ac3a5f3f22973dafc1f34e509139c331
03-DETAILED-VOLUMES/volume-19-implementation-profiles/04-WAREHOUSE-PROFILE/02-DEPLOYMENT-MIGRATION-TESTING-CERTIFICATION-AND-EVIDENCE.md,03-DETAILED-VOLUMES,"Warehouse Profile — Deployment, Migration, Testing, Certification, and Evidence",1992,18941,466d142d08a09a46acfa3b42751cfccaa57cc77dccca0718aaa6a7ec102c3e37
03-DETAILED-VOLUMES/volume-19-implementation-profiles/05-DEVELOPER-PLATFORM-PROFILE/00-PROFILE-SCOPE-ACTORS-CAPABILITIES-AND-CONSTRAINTS.md,03-DETAILED-VOLUMES,"Developer Platform Profile — Profile Scope, Actors, Capabilities, and Constraints",1990,18781,a3daa357f1a20294db73334393660461696a063b8c42ce531fc761364bff57d6
03-DETAILED-VOLUMES/volume-19-implementation-profiles/05-DEVELOPER-PLATFORM-PROFILE/01-ARCHITECTURE-DATA-SECURITY-AI-AND-OPERATIONS.md,03-DETAILED-VOLUMES,"Developer Platform Profile — Architecture, Data, Security, AI, and Operations",1994,19330,9279f2bceb9fa603e720260744f40dca8b836fab3049536a9d9dfbb29101b386
03-DETAILED-VOLUMES/volume-19-implementation-profiles/05-DEVELOPER-PLATFORM-PROFILE/02-DEPLOYMENT-MIGRATION-TESTING-CERTIFICATION-AND-EVIDENCE.md,03-DETAILED-VOLUMES,"Developer Platform Profile — Deployment, Migration, Testing, Certification, and Evidence",1994,19319,a63c24f9e5d00204dc33834b7d9e9bd2659ae446b7d670567a43f77595569005
03-DETAILED-VOLUMES/volume-19-implementation-profiles/06-AI-CONTROL-CENTER-PROFILE/00-PROFILE-SCOPE-ACTORS-CAPABILITIES-AND-CONSTRAINTS.md,03-DETAILED-VOLUMES,"AI Control Center Profile — Profile Scope, Actors, Capabilities, and Constraints",1992,18689,62b67df78f1c61720a01446514198f9e1351c7bca28dca3ebf67dc16d79a2221
03-DETAILED-VOLUMES/volume-19-implementation-profiles/06-AI-CONTROL-CENTER-PROFILE/01-ARCHITECTURE-DATA-SECURITY-AI-AND-OPERATIONS.md,03-DETAILED-VOLUMES,"AI Control Center Profile — Architecture, Data, Security, AI, and Operations",1996,19238,477baae6e1f59be89a33a6e57d73c081fac15404075675be7a7a61e05439c090
03-DETAILED-VOLUMES/volume-19-implementation-profiles/06-AI-CONTROL-CENTER-PROFILE/02-DEPLOYMENT-MIGRATION-TESTING-CERTIFICATION-AND-EVIDENCE.md,03-DETAILED-VOLUMES,"AI Control Center Profile — Deployment, Migration, Testing, Certification, and Evidence",1996,19227,c0378a9bd121d02579f6ced4fdc1863915f33a4167799354a84dc72564b0abcc
03-DETAILED-VOLUMES/volume-19-implementation-profiles/07-SINGLE-COUNTRY-DEPLOYMENT-PROFILE/00-PROFILE-SCOPE-ACTORS-CAPABILITIES-AND-CONSTRAINTS.md,03-DETAILED-VOLUMES,"Single-Country Deployment Profile — Profile Scope, Actors, Capabilities, and Constraints",1990,19110,d7359a43dfa5017a25d147b0b463a6652f8b6b2076c7ca41c0d090ad697914be
03-DETAILED-VOLUMES/volume-19-implementation-profiles/07-SINGLE-COUNTRY-DEPLOYMENT-PROFILE/01-ARCHITECTURE-DATA-SECURITY-AI-AND-OPERATIONS.md,03-DETAILED-VOLUMES,"Single-Country Deployment Profile — Architecture, Data, Security, AI, and Operations",1994,19659,a2b8d27ec1a7ddfe65ff50f503c2f62383c47a4395858bbd10e5c75074540968
03-DETAILED-VOLUMES/volume-19-implementation-profiles/07-SINGLE-COUNTRY-DEPLOYMENT-PROFILE/02-DEPLOYMENT-MIGRATION-TESTING-CERTIFICATION-AND-EVIDENCE.md,03-DETAILED-VOLUMES,"Single-Country Deployment Profile — Deployment, Migration, Testing, Certification, and Evidence",1994,19648,9a6586d2064989d49fe2a8072a8c975c214b3e89d48f5eb21d41c75ac57336e4
03-DETAILED-VOLUMES/volume-19-implementation-profiles/08-MULTI-JURISDICTION-DEPLOYMENT-PROFILE/00-PROFILE-SCOPE-ACTORS-CAPABILITIES-AND-CONSTRAINTS.md,03-DETAILED-VOLUMES,"Multi-Jurisdiction Deployment Profile — Profile Scope, Actors, Capabilities, and Constraints",1990,19298,176cc65ff5a652aea3b5938c1cb24349455fe400e9e9a1f98446f4c9f6e67b5e
03-DETAILED-VOLUMES/volume-19-implementation-profiles/08-MULTI-JURISDICTION-DEPLOYMENT-PROFILE/01-ARCHITECTURE-DATA-SECURITY-AI-AND-OPERATIONS.md,03-DETAILED-VOLUMES,"Multi-Jurisdiction Deployment Profile — Architecture, Data, Security, AI, and Operations",1994,19847,2c1a7d611ab67f3b271bd22101bb2483a7d8927d7c6fe0055fd27f91369fac1e
03-DETAILED-VOLUMES/volume-19-implementation-profiles/08-MULTI-JURISDICTION-DEPLOYMENT-PROFILE/02-DEPLOYMENT-MIGRATION-TESTING-CERTIFICATION-AND-EVIDENCE.md,03-DETAILED-VOLUMES,"Multi-Jurisdiction Deployment Profile — Deployment, Migration, Testing, Certification, and Evidence",1994,19836,1d9a87269d74afa6123f1c5acd2a683f21531d1c6fa19f7b4a693a7169429714
03-DETAILED-VOLUMES/volume-19-implementation-profiles/09-COMMODITY-EXTENSION-PROFILE/00-PROFILE-SCOPE-ACTORS-CAPABILITIES-AND-CONSTRAINTS.md,03-DETAILED-VOLUMES,"Commodity Extension Profile — Profile Scope, Actors, Capabilities, and Constraints",1990,18828,77f8143e8b91af1fb4a3bd590ac88a514ba8527bf0b87bf5db8de05bd319ebfb
03-DETAILED-VOLUMES/volume-19-implementation-profiles/09-COMMODITY-EXTENSION-PROFILE/01-ARCHITECTURE-DATA-SECURITY-AI-AND-OPERATIONS.md,03-DETAILED-VOLUMES,"Commodity Extension Profile — Architecture, Data, Security, AI, and Operations",1994,19377,0f5a58243aa3f4ad4e8cae7ee530e88da28b141f09a96a7749d7c8e71f0a19a3
03-DETAILED-VOLUMES/volume-19-implementation-profiles/09-COMMODITY-EXTENSION-PROFILE/02-DEPLOYMENT-MIGRATION-TESTING-CERTIFICATION-AND-EVIDENCE.md,03-DETAILED-VOLUMES,"Commodity Extension Profile — Deployment, Migration, Testing, Certification, and Evidence",1994,19366,8b65893c86dd7731af7f20a2dec5b090bd1cc742e856a0e2b599aaef9cfeb195
03-DETAILED-VOLUMES/volume-19-implementation-profiles/10-INDUSTRY-EXTENSION-PROFILE/00-PROFILE-SCOPE-ACTORS-CAPABILITIES-AND-CONSTRAINTS.md,03-DETAILED-VOLUMES,"Industry Extension Profile — Profile Scope, Actors, Capabilities, and Constraints",1990,18781,84c878e5e4fedd6ec03df6c051b5d041eb587a90ef7a58e0ef6507efab294c35
03-DETAILED-VOLUMES/volume-19-implementation-profiles/10-INDUSTRY-EXTENSION-PROFILE/01-ARCHITECTURE-DATA-SECURITY-AI-AND-OPERATIONS.md,03-DETAILED-VOLUMES,"Industry Extension Profile — Architecture, Data, Security, AI, and Operations",1994,19330,341fec53d70a7ef1eefbe8af6228ccaba4f2fce433956889c3a958d521fda4b9
03-DETAILED-VOLUMES/volume-19-implementation-profiles/10-INDUSTRY-EXTENSION-PROFILE/02-DEPLOYMENT-MIGRATION-TESTING-CERTIFICATION-AND-EVIDENCE.md,03-DETAILED-VOLUMES,"Industry Extension Profile — Deployment, Migration, Testing, Certification, and Evidence",1994,19319,e37d1cba4cf04f263c0cd6ea391d77dd2cc989f2712c906035a60ab346b51e68
03-DETAILED-VOLUMES/volume-19-implementation-profiles/11-WHITE-LABEL-PROFILE/00-PROFILE-SCOPE-ACTORS-CAPABILITIES-AND-CONSTRAINTS.md,03-DETAILED-VOLUMES,"White-Label Profile — Profile Scope, Actors, Capabilities, and Constraints",1988,18497,aff18bc9ed6947bb491e41444c4317709e3542d19a97727ff9917097650605b9
03-DETAILED-VOLUMES/volume-19-implementation-profiles/11-WHITE-LABEL-PROFILE/01-ARCHITECTURE-DATA-SECURITY-AI-AND-OPERATIONS.md,03-DETAILED-VOLUMES,"White-Label Profile — Architecture, Data, Security, AI, and Operations",1992,19046,c1f588e13b120962ec796c38e34cff65eb381537aa5d4fd073bc438d6e937b33
03-DETAILED-VOLUMES/volume-19-implementation-profiles/11-WHITE-LABEL-PROFILE/02-DEPLOYMENT-MIGRATION-TESTING-CERTIFICATION-AND-EVIDENCE.md,03-DETAILED-VOLUMES,"White-Label Profile — Deployment, Migration, Testing, Certification, and Evidence",1992,19035,0d0187abab3d02b2cb0b31fc8a6eb0acd3e1960d5929f66c0e37ad23cfacd5fd
03-DETAILED-VOLUMES/volume-19-implementation-profiles/12-OFFLINE-FIRST-PROFILE/00-PROFILE-SCOPE-ACTORS-CAPABILITIES-AND-CONSTRAINTS.md,03-DETAILED-VOLUMES,"Offline-First Profile — Profile Scope, Actors, Capabilities, and Constraints",1988,18591,86b7426b45ae73bde6f9b26ed0dfaf985d3bb600abe14ff151fb2cfa820ef0f3
03-DETAILED-VOLUMES/volume-19-implementation-profiles/12-OFFLINE-FIRST-PROFILE/01-ARCHITECTURE-DATA-SECURITY-AI-AND-OPERATIONS.md,03-DETAILED-VOLUMES,"Offline-First Profile — Architecture, Data, Security, AI, and Operations",1992,19140,0f3fcda51f004da7451a4995fab7a1a753f54956f7648a6a67b8840e7fe0b9c2
03-DETAILED-VOLUMES/volume-19-implementation-profiles/12-OFFLINE-FIRST-PROFILE/02-DEPLOYMENT-MIGRATION-TESTING-CERTIFICATION-AND-EVIDENCE.md,03-DETAILED-VOLUMES,"Offline-First Profile — Deployment, Migration, Testing, Certification, and Evidence",1992,19129,9081033d7bbd484b2afab1aace43b1cfe11436fac83ca747771f48995c7dcf3b
03-DETAILED-VOLUMES/volume-19-implementation-profiles/13-EDGE-DEPLOYMENT-PROFILE/00-PROFILE-SCOPE-ACTORS-CAPABILITIES-AND-CONSTRAINTS.md,03-DETAILED-VOLUMES,"Edge Deployment Profile — Profile Scope, Actors, Capabilities, and Constraints",1990,18640,c35b1e183756d4452335beb990abe0a7788516b6e1df51c2bd88f5f49f757dea
03-DETAILED-VOLUMES/volume-19-implementation-profiles/13-EDGE-DEPLOYMENT-PROFILE/01-ARCHITECTURE-DATA-SECURITY-AI-AND-OPERATIONS.md,03-DETAILED-VOLUMES,"Edge Deployment Profile — Architecture, Data, Security, AI, and Operations",1994,19189,1430078faea96a95a8dcd393476b30072d255313cb95672681860e0e12571441
03-DETAILED-VOLUMES/volume-19-implementation-profiles/13-EDGE-DEPLOYMENT-PROFILE/02-DEPLOYMENT-MIGRATION-TESTING-CERTIFICATION-AND-EVIDENCE.md,03-DETAILED-VOLUMES,"Edge Deployment Profile — Deployment, Migration, Testing, Certification, and Evidence",1994,19178,e8ee0fd628bbe0f95f6c7c7d175725edf7abb980c5e7742d7ecfb9ee2ae58af2
03-DETAILED-VOLUMES/volume-19-implementation-profiles/14-HIGH-ASSURANCE-REGULATED-PROFILE/00-PROFILE-SCOPE-ACTORS-CAPABILITIES-AND-CONSTRAINTS.md,03-DETAILED-VOLUMES,"High-Assurance Regulated Profile — Profile Scope, Actors, Capabilities, and Constraints",1990,19063,19ffa0e4726f89eaf698cf0fe356891c7efdc62b2a123bb362ee412b527c4d6a
03-DETAILED-VOLUMES/volume-19-implementation-profiles/14-HIGH-ASSURANCE-REGULATED-PROFILE/01-ARCHITECTURE-DATA-SECURITY-AI-AND-OPERATIONS.md,03-DETAILED-VOLUMES,"High-Assurance Regulated Profile — Architecture, Data, Security, AI, and Operations",1994,19612,d0c754eab8ef210235175234a244bfa3217f8805d4996d5e66e06d2e66313a1f
03-DETAILED-VOLUMES/volume-19-implementation-profiles/14-HIGH-ASSURANCE-REGULATED-PROFILE/02-DEPLOYMENT-MIGRATION-TESTING-CERTIFICATION-AND-EVIDENCE.md,03-DETAILED-VOLUMES,"High-Assurance Regulated Profile — Deployment, Migration, Testing, Certification, and Evidence",1994,19601,c1ada4a7f0aa0b4bce79a967ad322089a6078adc5032496344a8c917df3c26b6
03-DETAILED-VOLUMES/volume-20-appendices-generated-reference/00-GLOSSARY.md,03-DETAILED-VOLUMES,Glossary,1991,18019,14f4d7b0f36f5ad238dcfd428dabde1d7ad935b94727129e82e3ca31fda7521d
03-DETAILED-VOLUMES/volume-20-appendices-generated-reference/01-ACRONYM-REGISTRY.md,03-DETAILED-VOLUMES,Acronym Registry,1993,18350,1e00aeb369acecf4fcf552f488a6e83f2cebca330ab600790b3b6376b2edd001
03-DETAILED-VOLUMES/volume-20-appendices-generated-reference/02-CANON-TRACEABILITY.md,03-DETAILED-VOLUMES,Canon Traceability,1993,18444,16782aa93854ce4d547254e94cbc2506cf577a0424c168ba2b89768901261e3a
03-DETAILED-VOLUMES/volume-20-appendices-generated-reference/03-CONSTITUTION-TRACEABILITY.md,03-DETAILED-VOLUMES,Constitution Traceability,1993,18773,62584a78e52312558f340dd47a5252b09559e919e0dfe5f903fba9cb868d2a0e
03-DETAILED-VOLUMES/volume-20-appendices-generated-reference/04-CAPABILITY-REGISTRY.md,03-DETAILED-VOLUMES,Capability Registry,1993,18491,d79e752f5adbdccb94153ea32c85291ec327fe4942db175e2edebc3dfca5fa53
03-DETAILED-VOLUMES/volume-20-appendices-generated-reference/05-SERVICE-REGISTRY.md,03-DETAILED-VOLUMES,Service Registry,1993,18350,8e168a059c47ed74af9a3cbc136cb8342aa66de088663a10e6d613f71123e28f
03-DETAILED-VOLUMES/volume-20-appendices-generated-reference/06-PORT-REGISTRY.md,03-DETAILED-VOLUMES,Port Registry,1993,18209,b51de9a3c44bf1003f0e86f1f2d6bea7ffe1b97bb7de94a2522957352a468742
03-DETAILED-VOLUMES/volume-20-appendices-generated-reference/07-ROUTE-REGISTRY.md,03-DETAILED-VOLUMES,Route Registry,1993,18256,318aa114ec2a85ed8a310a61d45993518d0424a7fee8a012a145228c9b97dbd4
03-DETAILED-VOLUMES/volume-20-appendices-generated-reference/08-DATABASE-REGISTRY.md,03-DETAILED-VOLUMES,Database Registry,1993,18397,6491f5d78e51f084a517fad4d685368efc200ab409a06fd9efb716f9ccc1f71a
03-DETAILED-VOLUMES/volume-20-appendices-generated-reference/09-SCHEMA-REGISTRY.md,03-DETAILED-VOLUMES,Schema Registry,1993,18303,c275bd8a299cf9fb7fd2e744bdd9cb279857f60f77fa7cb7108b8b9059eaa2dd
03-DETAILED-VOLUMES/volume-20-appendices-generated-reference/10-TABLE-DICTIONARY.md,03-DETAILED-VOLUMES,Table Dictionary,1993,18350,ea348b47e737e852ce3d07ea324658af9e1af733276c4e74f5980bf74f02e839
03-DETAILED-VOLUMES/volume-20-appendices-generated-reference/11-API-CATALOGUE.md,03-DETAILED-VOLUMES,API Catalogue,1993,18209,bc0286b95582174617d4589e9a9b3cd64d4b9713fef915579043ba05063f0286
03-DETAILED-VOLUMES/volume-20-appendices-generated-reference/12-EVENT-CATALOGUE.md,03-DETAILED-VOLUMES,Event Catalogue,1993,18303,bb8e933243a0884ab833ee96f43852777628292a2428851e34b478444e813361
03-DETAILED-VOLUMES/volume-20-appendices-generated-reference/13-WORKFLOW-CATALOGUE.md,03-DETAILED-VOLUMES,Workflow Catalogue,1993,18444,f782afbc06da243302cad4312ec2b51c0459d693847c6c8479ef4f37df60e3cf
03-DETAILED-VOLUMES/volume-20-appendices-generated-reference/14-AI-TOOL-CATALOGUE.md,03-DETAILED-VOLUMES,AI Tool Catalogue,1995,18352,df9918f93464814d36cc8e95a86c318261244440a5216174b2632e94423f1c3b
03-DETAILED-VOLUMES/volume-20-appendices-generated-reference/15-AI-MODEL-AND-PROVIDER-REGISTRY.md,03-DETAILED-VOLUMES,AI Model and Provider Registry,1999,18873,7fded1f972e9d8792a939550e47a1e5349ae948a3145182023b998a140fa7b9c
03-DETAILED-VOLUMES/volume-20-appendices-generated-reference/16-PORTAL-ROUTE-CATALOGUE.md,03-DETAILED-VOLUMES,Portal Route Catalogue,1995,18587,85c1392230d35089c0da07a45126e686c18d4612d252b0dfc1d6e6d501d3be8d
03-DETAILED-VOLUMES/volume-20-appendices-generated-reference/17-ADR-INDEX.md,03-DETAILED-VOLUMES,ADR Index,1993,18021,23971698cd1a3abc2f8640f93c5cbbf8e73f2395db5ac90a2da9b6327e7639ee
03-DETAILED-VOLUMES/volume-20-appendices-generated-reference/18-RISK-REGISTER.md,03-DETAILED-VOLUMES,Risk Register,1993,18209,be42ee99f38e07644d3cc422d3de94da10179aece62820b2d93c6a6094cdf18b
03-DETAILED-VOLUMES/volume-20-appendices-generated-reference/19-EXCEPTION-REGISTER.md,03-DETAILED-VOLUMES,Exception Register,1993,18444,95cf09f6abea2d9f5ca576447bc975345501e768190b05edfdb15fa57ad53977
03-DETAILED-VOLUMES/volume-20-appendices-generated-reference/20-OWNERSHIP-MATRIX.md,03-DETAILED-VOLUMES,Ownership Matrix,1993,18350,4879017e3e974f379319e0b32790c1b6c2bf918dbd2ad15ebc109b57b857bdfd
03-DETAILED-VOLUMES/volume-20-appendices-generated-reference/21-RACI-AND-DECISION-RIGHTS.md,03-DETAILED-VOLUMES,RACI and Decision Rights,1997,18636,d8e0503226a0fe7af323ee9f1b3ef22e5ca79257ace48e19b14332174249aafa
03-DETAILED-VOLUMES/volume-20-appendices-generated-reference/22-SLO-CATALOGUE.md,03-DETAILED-VOLUMES,SLO Catalogue,1993,18209,c9d3195d9f476703191dd1156dad1add77389b4f70761766e1c425802c29f0c6
03-DETAILED-VOLUMES/volume-20-appendices-generated-reference/23-RUNBOOK-INDEX.md,03-DETAILED-VOLUMES,Runbook Index,1993,18209,fb002e75594d55ef9fd1c435d6bcbda0d59f9d43e9751d6d8d5f18a43ea8b4dc
03-DETAILED-VOLUMES/volume-20-appendices-generated-reference/24-TEST-EVIDENCE-CATALOGUE.md,03-DETAILED-VOLUMES,Test Evidence Catalogue,1995,18634,b6a8f84cb6a0591f1575daccc7edcaa0a11d315b774c107954b90c401c98f60a
03-DETAILED-VOLUMES/volume-20-appendices-generated-reference/25-REPOSITORY-SOURCE-INDEX.md,03-DETAILED-VOLUMES,Repository Source Index,1995,18634,93647830d94581ffdff2573f56a8ac8163334425cf2025208caed325304b3eaa
03-DETAILED-VOLUMES/volume-20-appendices-generated-reference/26-RELEASE-MANIFEST.md,03-DETAILED-VOLUMES,Release Manifest,1993,18350,82246ea6cbb38a2f472e0f1f39deceb6e4b5625b49e3b3e7750a0f2755dc3e7e
03-DETAILED-VOLUMES/volume-20-appendices-generated-reference/27-DEPRECATION-REGISTRY.md,03-DETAILED-VOLUMES,Deprecation Registry,1993,18538,efa23d8746d8ae2c55657497ab306e094d656ba9b6b25d0502df1cead3ec005f
03-DETAILED-VOLUMES/volume-20-appendices-generated-reference/28-JURISDICTION-PROFILE-REGISTRY.md,03-DETAILED-VOLUMES,Jurisdiction Profile Registry,1995,18916,edd7458e59c0cee0deb65337b2abba7ef7d0fb9c9773d28a65642e5b57577494
03-DETAILED-VOLUMES/volume-20-appendices-generated-reference/29-FINAL-CONFORMANCE-INDEX.md,03-DETAILED-VOLUMES,Final Conformance Index,1995,18634,6a97822d8eefea469ebbab04e7a2a26312bcc108bc9fe71347263b88972895a3
04-DELIVERY-PLAYBOOKS/adr/adr-0001.md,04-DELIVERY-PLAYBOOKS,ADR-0001 — Markdown Is the Canonical Source,78,691,d0b4bc7be5a65f75cee98d4f36ef440be194c2b38f48652138b9cc4e3ac81fcd
04-DELIVERY-PLAYBOOKS/adr/adr-0002.md,04-DELIVERY-PLAYBOOKS,ADR-0002 — Retain Canon Terminology,71,637,c8879ca823627d12d4712d235c56fa7e331fde0b483315b8244df4f671a52087
04-DELIVERY-PLAYBOOKS/adr/adr-0003.md,04-DELIVERY-PLAYBOOKS,ADR-0003 — Ontology Precedes Event Architecture,77,672,87054d68d1d560cda2fa3bdbb5a49f7dbcd4a3205156135c6e5c30de57013745
04-DELIVERY-PLAYBOOKS/adr/adr-0004.md,04-DELIVERY-PLAYBOOKS,ADR-0004 — Separate Ontology and Epistemology,74,666,3e2cc6ea1429e096a94bde0f15c9d6df804e8931810c8ad769b876a344f68e70
04-DELIVERY-PLAYBOOKS/adr/adr-0005.md,04-DELIVERY-PLAYBOOKS,ADR-0005 — Domain Ownership over Shared Database,73,661,fb753ae5ede3f0e7bee9910190a9bb513740ed79dedfa7ab370fbfb3e1a64c58
04-DELIVERY-PLAYBOOKS/adr/adr-0006.md,04-DELIVERY-PLAYBOOKS,ADR-0006 — Recommendations Are Not Decisions,76,676,8e0d4a145898c8886d73a08d9479acaf2b2bef6ac10e7d70050fd6aef9ad0d3d
04-DELIVERY-PLAYBOOKS/adr/adr-0007.md,04-DELIVERY-PLAYBOOKS,ADR-0007 — Intent Gates Execution,70,633,865cae9a070ec14a903032e62f7b12f5966b70f92adb1e8517e74e5c3cec8635
04-DELIVERY-PLAYBOOKS/adr/adr-0008.md,04-DELIVERY-PLAYBOOKS,ADR-0008 — Append-Only Correction,72,657,b0b7d0ca17928054dc1eae501a59d8bad88427ae5621aae1637d32b79f543f71
04-DELIVERY-PLAYBOOKS/adr/adr-0009.md,04-DELIVERY-PLAYBOOKS,ADR-0009 — Static Portable Publication,75,661,1d1d69f72e82c5a579cd52d13e09f454f499991b471c7c587cc01afd7e2061ac
04-DELIVERY-PLAYBOOKS/adr/adr-0010.md,04-DELIVERY-PLAYBOOKS,ADR-0010 — Machine-Readable Registries,73,678,c48ebaf61bb23e26905fd2d98f09ab7e36046ae8e598e43cd69bf02537d6ced2
04-DELIVERY-PLAYBOOKS/adr/index.md,04-DELIVERY-PLAYBOOKS,Architecture Decision Records,11,108,5b0c0cfd1770723a57b4fb34b754e61b2343f15a4e447ebe3575ba726f4b8c8f
04-DELIVERY-PLAYBOOKS/appendices/architecture-quality-gates.md,04-DELIVERY-PLAYBOOKS,Architecture Quality Gates,131,1093,5839e7ba45bde01193cfae0ec25e2b38a9287125fa35a0ced1be642e31fdeabc
04-DELIVERY-PLAYBOOKS/appendices/architecture-review.md,04-DELIVERY-PLAYBOOKS,Architecture Review Checklist,46,419,f91c1658570d3d795be6dec3fea6b4190e4fbdcfb0fe7d49b2dddefaa3ad8602
04-DELIVERY-PLAYBOOKS/appendices/conformance-levels.md,04-DELIVERY-PLAYBOOKS,Conformance Levels,48,460,a799325c58da9bf296986f75c1e39d27c43b371618bd5d196b41929d84a073c9
04-DELIVERY-PLAYBOOKS/appendices/implementation-evidence-catalogue.md,04-DELIVERY-PLAYBOOKS,Implementation Evidence Catalogue,80,721,ed58e91b9469632e1279a749963f3adacca48b4ebe18b9441b63fc41f96693d7
04-DELIVERY-PLAYBOOKS/appendices/normative-language.md,04-DELIVERY-PLAYBOOKS,Normative Language,21,159,5dd81acefb313d94c909abe164c3bd48578decd7455f0a09ec62654a3ea236a2
04-DELIVERY-PLAYBOOKS/appendices/release-checklist.md,04-DELIVERY-PLAYBOOKS,Release Checklist,34,281,92cf667ca8a3c8802c0ae59c7872cad6d20fcf60fa8ad63776c108a6297ce517
04-DELIVERY-PLAYBOOKS/delivery/definition-of-ready.md,04-DELIVERY-PLAYBOOKS,Definition of Ready,96,697,79c7364dd1c6c8d87c4e1f448d18049146ce5f9b322fcc25640567a891cc8414
04-DELIVERY-PLAYBOOKS/delivery/engineering-guides/01-vertical-slice-delivery.md,04-DELIVERY-PLAYBOOKS,Vertical Slice Delivery Guide,334,2350,4db900bfd2e360ccb5cfe82bb8bc931080dfcb6d24de113f92fa86e3b38dc60d
04-DELIVERY-PLAYBOOKS/delivery/engineering-guides/02-backlog-decomposition.md,04-DELIVERY-PLAYBOOKS,Architecture-Aware Backlog Decomposition,264,2126,0beb59df0a486b9ce0c339b4c33c5cce5b842f6aeb4476bf02c1a55e08a161f0
04-DELIVERY-PLAYBOOKS/delivery/engineering-guides/03-contract-testing.md,04-DELIVERY-PLAYBOOKS,Contract Testing Guide,263,2144,e29cd506e2286dc44c64f3eabbd7ae23d3c1db67e916644e99b5ce60caa3b043
04-DELIVERY-PLAYBOOKS/delivery/engineering-guides/04-production-readiness.md,04-DELIVERY-PLAYBOOKS,Production Readiness Review,260,2123,657295138cfa18a1e7c84005ecba6fd654bbf4698d4a658df3db9ed67f17a76b
04-DELIVERY-PLAYBOOKS/delivery/engineering-guides/05-cutover-command-center.md,04-DELIVERY-PLAYBOOKS,Cutover Command Center Guide,244,1998,8ad1e9cd6f18e750c1433f981e28ce28416feea06c11695bc406d04c479703d6
04-DELIVERY-PLAYBOOKS/delivery/engineering-guides/06-partner-certification.md,04-DELIVERY-PLAYBOOKS,Partner Certification Guide,219,1880,878d6a3007c2505f77e0a4dded4a337a9442fe20eacb66261178cbe0d7521314
04-DELIVERY-PLAYBOOKS/delivery/engineering-guides/07-observability-dashboard-design.md,04-DELIVERY-PLAYBOOKS,Observability Dashboard Design,243,1930,ce1f0aed6c28f74747eb56f4c012c188b6659b0c142b6ea47519505cf2ed88cc
04-DELIVERY-PLAYBOOKS/delivery/engineering-guides/08-security-verification.md,04-DELIVERY-PLAYBOOKS,Security Verification Guide,217,1864,58708f03b26fe8366131863b92fbc35fcff0bf0da002b8ce7199de1bff5d2054
04-DELIVERY-PLAYBOOKS/delivery/engineering-guides/09-data-pipeline-engineering.md,04-DELIVERY-PLAYBOOKS,Data Pipeline Engineering Guide,211,1763,0e8837dc3bdb2453019e599c9d2fb64791763a1005125588282d3113bff8e25b
04-DELIVERY-PLAYBOOKS/delivery/engineering-guides/10-ai-release-engineering.md,04-DELIVERY-PLAYBOOKS,AI Release Engineering Guide,231,1879,551b6d0fc3eb5bdf5f71d05017f492f44cb1f90c25d190f218c89ae5f9b7ad5c
04-DELIVERY-PLAYBOOKS/delivery/engineering-guides/11-performance-and-capacity.md,04-DELIVERY-PLAYBOOKS,Performance and Capacity Engineering,215,1712,aa861b90cf790d84f1cd6014dc30ee68a2d614b9ae3ff09fd1650c6fceca1ab7
04-DELIVERY-PLAYBOOKS/delivery/engineering-guides/12-post-launch-stabilization.md,04-DELIVERY-PLAYBOOKS,Post-Launch Stabilization Guide,214,1745,0babe257ac1a8dcacc768d15d605a527af186f49e125fa908a784483f3f3e5e8
04-DELIVERY-PLAYBOOKS/delivery/engineering-guides/13-domain-onboarding-roadmap.md,04-DELIVERY-PLAYBOOKS,Ninety-Day Domain Onboarding Roadmap,337,2762,6f86ff397ca433a4c0841bc6abfe0e5aae7ad69f4b79f1bc85c6a978babffe2f
04-DELIVERY-PLAYBOOKS/delivery/engineering-guides/14-design-review-facilitation.md,04-DELIVERY-PLAYBOOKS,Architecture Design Review Facilitation,290,2250,a28edfb2598ed20c25321743fc34dc438577f2da8f7f517b2283ca64ad00b4ad
04-DELIVERY-PLAYBOOKS/delivery/engineering-guides/15-command-handler-reference.md,04-DELIVERY-PLAYBOOKS,Command Handler Reference Flow,297,2173,704b64ee2ee735dfaa58081601cdaf82b16340f1c0ead706f896e476b0ebd651
04-DELIVERY-PLAYBOOKS/delivery/engineering-guides/16-event-consumer-reference.md,04-DELIVERY-PLAYBOOKS,Event Consumer Reference Flow,279,2179,5c44c95045a5d571614ec73a40a1538dc186c3ce3d370772de8608acf3df6615
04-DELIVERY-PLAYBOOKS/delivery/engineering-guides/17-recovery-exercise.md,04-DELIVERY-PLAYBOOKS,Business Recovery Exercise,243,1914,2abaaca10a2388530ee32b0f47da3a8e8eee4c09a84236f5cd92b9f2c59a8872
04-DELIVERY-PLAYBOOKS/delivery/engineering-guides/18-documentation-standard.md,04-DELIVERY-PLAYBOOKS,Architecture Documentation Standard,265,2103,90e1d8fdb7e1b03ea78d37dc8410aa3aef3f025f0fe02e4c8759dddfc2911f4d
04-DELIVERY-PLAYBOOKS/delivery/engineering-guides/19-architecture-debt.md,04-DELIVERY-PLAYBOOKS,Architecture Debt Management,234,1808,f19276f978256a37d8be1858cec998eed5a461adeea314f2bde4fce191dfb3b6
04-DELIVERY-PLAYBOOKS/delivery/engineering-guides/20-team-ceremonies.md,04-DELIVERY-PLAYBOOKS,GTOS Team Ceremonies,230,1879,b730096add48771b2f97b07d192f58e90d6263829b93a225e1423c83564691c2
04-DELIVERY-PLAYBOOKS/delivery/engineering-guides/21-quality-assurance-strategy.md,04-DELIVERY-PLAYBOOKS,Quality Assurance Strategy,286,2403,b9573fa96205beb03c987af1a376e9edf5a8d63cfded6adf50d92046c0f7dda6
04-DELIVERY-PLAYBOOKS/delivery/engineering-guides/22-project-plan-template.md,04-DELIVERY-PLAYBOOKS,GTOS Project Plan Template,281,2334,548676a40e25a13b766e97fc101e19598b0cfacd231f5918df06c52b1271ff22
04-DELIVERY-PLAYBOOKS/delivery/engineering-guides/23-engineer-onboarding.md,04-DELIVERY-PLAYBOOKS,Engineer Onboarding Guide,283,2186,4105743647439293cbf73591672fc70c74499b42632b2a42b43396c8c685dcac
04-DELIVERY-PLAYBOOKS/delivery/engineering-guides/24-engineering-acceptance.md,04-DELIVERY-PLAYBOOKS,Engineering Acceptance and Handover,401,3179,a14516ce9c10df8261a539252011ae517242acd788188599be3c56afd0e5a434
04-DELIVERY-PLAYBOOKS/delivery/engineering-guides/index.md,04-DELIVERY-PLAYBOOKS,Engineering Execution Guides,17,140,627ca777fd879bbc9f025f5f522c80693e3b956a23f07436edd9c2542139467c
04-DELIVERY-PLAYBOOKS/delivery/index.md,04-DELIVERY-PLAYBOOKS,GTOS Delivery Handbook,66,497,0792d2353ccaa95bc245e02696171847c3cb65934c8ba3b3948b9737fbe9e5f2
04-DELIVERY-PLAYBOOKS/delivery/playbooks/ai-use-case-qualification.md,04-DELIVERY-PLAYBOOKS,Playbook — AI Use-Case Qualification,249,2006,44921b78d41f6446c54bb32dd03b4ba62e83a4e961cfa2e5384bc9650bc814a3
04-DELIVERY-PLAYBOOKS/delivery/playbooks/architecture-decision-review.md,04-DELIVERY-PLAYBOOKS,Playbook — Architecture Decision Review,243,1955,2696ad105565a0df62796108c009a06441dc33e682d31874f5fa699c1ba7b997
04-DELIVERY-PLAYBOOKS/delivery/playbooks/data-product-onboarding.md,04-DELIVERY-PLAYBOOKS,Playbook — Data Product Onboarding,248,1981,0d2bc33da47809eb6cafc41df781de42302db48627f4e6ecc4dacf02d11fb365
04-DELIVERY-PLAYBOOKS/delivery/playbooks/domain-discovery.md,04-DELIVERY-PLAYBOOKS,Playbook — Domain Discovery,253,2044,05581d0766093c9dd1c03a0f5dbd6b58f640270b4b4631cbb5c03bc9bcb1ba78
04-DELIVERY-PLAYBOOKS/delivery/playbooks/event-storming-and-state-modeling.md,04-DELIVERY-PLAYBOOKS,Playbook — Event Storming and State Modeling,249,2016,bde7dca06b6438d4a6f1638eb244347eb6a40dbd1c757f44c280d096be1993a8
04-DELIVERY-PLAYBOOKS/delivery/playbooks/incident-learning.md,04-DELIVERY-PLAYBOOKS,Playbook — Incident Learning,245,2004,51ba628715db5d564e5fb3586a8e52ab34da3b3e739b99fec82053c688fc5c7f
04-DELIVERY-PLAYBOOKS/delivery/playbooks/migration-and-cutover.md,04-DELIVERY-PLAYBOOKS,Playbook — Migration and Cutover,251,2009,13cf7bea024e827890dfb91c95778634a2dd4367d88d9294f2ae466b740c7d37
04-DELIVERY-PLAYBOOKS/delivery/playbooks/partner-onboarding.md,04-DELIVERY-PLAYBOOKS,Playbook — Partner Onboarding,250,2056,011212680c1c782b2e79916cb8eb235ebe6824047a7fb3978b15095c5c6025e8
04-DELIVERY-PLAYBOOKS/delivery/playbooks/release-readiness.md,04-DELIVERY-PLAYBOOKS,Playbook — Release Readiness,252,2004,9d7e223edbf40297d453ed82944a394ddb40df7506b9bfc4fcff9cbe002c650f
04-DELIVERY-PLAYBOOKS/delivery/playbooks/security-threat-modeling.md,04-DELIVERY-PLAYBOOKS,Playbook — Security Threat Modeling,253,2021,e11d5abb64b9b90aee6056c095f877315ffffcb5f27f25eb753ad655a1611085
04-DELIVERY-PLAYBOOKS/delivery/playbooks/slo-and-runbook-design.md,04-DELIVERY-PLAYBOOKS,Playbook — SLO and Runbook Design,243,1955,ffc92f38e22fdafc7cf0d17df21d52a5601a4e0c5babd4c517720e5e96c604dd
04-DELIVERY-PLAYBOOKS/delivery/playbooks/truth-ownership-workshop.md,04-DELIVERY-PLAYBOOKS,Playbook — Truth Ownership Workshop,242,1983,fc1281d3fc0db64a7574094466151bae9da458e429f7520e1d81fd8cda458552
04-DELIVERY-PLAYBOOKS/delivery/roles-and-responsibilities.md,04-DELIVERY-PLAYBOOKS,Delivery Roles and Responsibilities,197,1767,60c796e00173832f77b00d145544b83cb07918476cb6d3736d02093343a14643
04-DELIVERY-PLAYBOOKS/delivery/stage-0-mandate-and-scope.md,04-DELIVERY-PLAYBOOKS,Stage 0 — Mandate and Scope,302,2478,5d24cf05917568c0063ebdbb3c5fbc41033a5465f81a15319fc7ea3ac1546a45
04-DELIVERY-PLAYBOOKS/delivery/stage-1-reference-alignment.md,04-DELIVERY-PLAYBOOKS,Stage 1 — Reference Alignment,300,2456,262034501d6d7835d8a4b43d5e697d3984c07021108900e6b31b4197f312991c
04-DELIVERY-PLAYBOOKS/delivery/stage-2-business-and-domain-design.md,04-DELIVERY-PLAYBOOKS,Stage 2 — Business and Domain Design,302,2490,9a507e82f559650830b58e5bb42a62ba8beded59a0ded2a95d47f84060f922f6
04-DELIVERY-PLAYBOOKS/delivery/stage-3-contract-and-data-design.md,04-DELIVERY-PLAYBOOKS,Stage 3 — Contract and Data Design,302,2489,97c501c9875f85d980355283cfb9faf5baf9c65230e8d4b24c709361bd9a1b27
04-DELIVERY-PLAYBOOKS/delivery/stage-4-security-ai-and-operational-design.md,04-DELIVERY-PLAYBOOKS,"Stage 4 — Security, AI, and Operational Design",305,2492,e56069694dd3e05c810896d197534e481a591adc66d8587bda7d6c270f87e202
04-DELIVERY-PLAYBOOKS/delivery/stage-5-build-and-verification.md,04-DELIVERY-PLAYBOOKS,Stage 5 — Build and Verification,304,2515,ba2cfa47e172f5eb6a85964ae2a53e560625b6affbffddc285ea5434495beede
04-DELIVERY-PLAYBOOKS/delivery/stage-6-controlled-launch.md,04-DELIVERY-PLAYBOOKS,Stage 6 — Controlled Launch,300,2484,65f3d7b30295247f09429fad07ab5fdf8d06e463fa20cec80cc18ddf0fc6cbcf
04-DELIVERY-PLAYBOOKS/delivery/stage-7-operate-and-evolve.md,04-DELIVERY-PLAYBOOKS,Stage 7 — Operate and Evolve,308,2502,7652d1d37f8571bc1d8cd77461c0ca21a34f0accc15c89b87fba9906bb53affc
04-DELIVERY-PLAYBOOKS/delivery/work-product-catalogue.md,04-DELIVERY-PLAYBOOKS,Work Product Catalogue,147,1230,6d153e7d93d816f477e48a0b05e0054648f4e86627bfa80766bcebb4f2d143f4
04-DELIVERY-PLAYBOOKS/implementation-blueprints/agent-blueprint.md,04-DELIVERY-PLAYBOOKS,AI Agent Blueprint,249,1999,3a5d045313d65f4f3d3c2f2082da140e2542e8bee7c0637d6893d05812dded40
04-DELIVERY-PLAYBOOKS/implementation-blueprints/domain-service-blueprint.md,04-DELIVERY-PLAYBOOKS,Domain Service Blueprint,274,2201,cc10c1ab0d78ca2763ddb6264b19af8906d996120e56d4e4528c582e41405c9d
04-DELIVERY-PLAYBOOKS/implementation-blueprints/federated-integration-blueprint.md,04-DELIVERY-PLAYBOOKS,Federated Integration Blueprint,199,1741,e9f735718eafa5cdc09df20105c4d8a7ccc834cfad6b65246c3c2f4de80ea61f
04-DELIVERY-PLAYBOOKS/implementation-blueprints/index.md,04-DELIVERY-PLAYBOOKS,Implementation Blueprints,22,192,f0f0dbdc2b56fa9a0c620d71b8a529037d6da567d382a73cc62b387182360bb4
04-DELIVERY-PLAYBOOKS/implementation-blueprints/reference-deployment.md,04-DELIVERY-PLAYBOOKS,Reference Deployment Blueprint,186,1589,9a27336f60e1168e24b787018e3c6ec4fffc25e52f9860af0601874cbdb8b20c
04-DELIVERY-PLAYBOOKS/reference-matrices/concept-to-artifact.md,04-DELIVERY-PLAYBOOKS,Concept-to-Artifact Matrix,105,963,1bf54d68e2c637b4c02e418ee78e12739857348760de8900e7a882a53e8baf39
04-DELIVERY-PLAYBOOKS/reference-matrices/domain-dependency.md,04-DELIVERY-PLAYBOOKS,Domain Dependency Matrix,143,1274,6cce2c6e4dd1df97dd891ed69b83f6a55793f719d8402c6435b7aaec91f3b0d4
04-DELIVERY-PLAYBOOKS/reference-matrices/index.md,04-DELIVERY-PLAYBOOKS,Reference Matrices,19,158,75546932fdf5d0ac6d194dfede699c91b3e74bafa4d3f12a8041172381668849
04-DELIVERY-PLAYBOOKS/reference-matrices/output-authority.md,04-DELIVERY-PLAYBOOKS,Output and Authority Matrix,87,845,829060f0b6d926429f1398edd32a914ca47ec810f75590dc054a890d3c3b48ae
04-DELIVERY-PLAYBOOKS/reference-matrices/testing-pyramid.md,04-DELIVERY-PLAYBOOKS,GTOS Verification Matrix,90,864,709e6a528ada80895ce2ab3087d1d7c1cc8e46d8b8ecc497d18de2118e498e97
04-DELIVERY-PLAYBOOKS/reference-patterns/correction-propagation.md,04-DELIVERY-PLAYBOOKS,Correction Propagation Pattern,132,1094,f45865f3912c89100d8363c1a0356fd9e1483474948af1d107dfcb94924b4a97
04-DELIVERY-PLAYBOOKS/reference-patterns/decision-recording.md,04-DELIVERY-PLAYBOOKS,Decision Recording Pattern,131,1076,4193dd943c89f24157f5ca21c95c573495efe890c4a997915338eef2bfab0857
04-DELIVERY-PLAYBOOKS/reference-patterns/event-evolution.md,04-DELIVERY-PLAYBOOKS,Event Evolution Pattern,154,1182,f327eff874d8254fe14b95d958d3a896d7de5148fdc7181873e2d45526297e0b
04-DELIVERY-PLAYBOOKS/reference-patterns/evidence-chain.md,04-DELIVERY-PLAYBOOKS,Evidence Chain Pattern,137,1082,600c9ab3df6a23cf9ce461243addef48fafd591a0d3e7493dd2ae3856fa49536
04-DELIVERY-PLAYBOOKS/reference-patterns/exception-case-management.md,04-DELIVERY-PLAYBOOKS,Exception and Case Management Pattern,132,1061,75e1b38ca59f9430a4f22b09a4e1a4a44acd03f6606e3f3178c18763696ac203
04-DELIVERY-PLAYBOOKS/reference-patterns/federated-truth.md,04-DELIVERY-PLAYBOOKS,Federated Truth Pattern,144,1143,abdeee1fba2161f5d7a2f1958cff89716a57793b7d913bb686d65da58824e448
04-DELIVERY-PLAYBOOKS/reference-patterns/identity-resolution.md,04-DELIVERY-PLAYBOOKS,Identity Resolution Pattern,186,1556,7746b228b25705b154ab9f1c4852143e807f34c4aa0ab81a383588ff9d87b6cc
04-DELIVERY-PLAYBOOKS/reference-patterns/index.md,04-DELIVERY-PLAYBOOKS,GTOS Reference Patterns,22,195,452fb1ca395261b84acc6e1f8ed457f0c45b8fe0bf40b5bd2137fd96e4fb7484
04-DELIVERY-PLAYBOOKS/reference-patterns/long-running-trade-workflow.md,04-DELIVERY-PLAYBOOKS,Long-Running Trade Workflow Pattern,180,1390,57367507b0f754a6b312a6c86d320b1f06f772d5d4f9a0dc8ecaf28f5ed47a5c
04-DELIVERY-PLAYBOOKS/reference-patterns/relationship-aware-access.md,04-DELIVERY-PLAYBOOKS,Relationship-Aware Access Pattern,124,1032,ede762ea895f2cfe2bd51ae9a25b32a0f9f6e7ad2545e6193c483da19112597b
04-DELIVERY-PLAYBOOKS/reference-patterns/temporal-reconstruction.md,04-DELIVERY-PLAYBOOKS,Temporal Reconstruction Pattern,177,1328,b9a5b26e930fee1bc6a21558bb315c7d126f36bd67e7502b6b1ded598fb628f9
04-DELIVERY-PLAYBOOKS/scenarios/customs-release.md,04-DELIVERY-PLAYBOOKS,Scenario — Customs Declaration and Release,186,1489,fda6d3043410220ef176a5498b3fc33afe910be16b3665a56f66a8ab57e13a1a
04-DELIVERY-PLAYBOOKS/scenarios/index.md,04-DELIVERY-PLAYBOOKS,End-to-End Trade Scenarios,18,163,049a90552d1468ede2f049a2abd635cdfe32b1307e68dd85f4b88933ad1bf362
04-DELIVERY-PLAYBOOKS/scenarios/multi-party-shipment.md,04-DELIVERY-PLAYBOOKS,Scenario — Multi-Party Shipment Consolidation,148,1194,96302713a4490d9a1eb8cbadbfa31d8601ab6c402f4b33a8452d0fc0e48dc31a
04-DELIVERY-PLAYBOOKS/scenarios/pharmaceutical-cold-chain.md,04-DELIVERY-PLAYBOOKS,Scenario — Pharmaceutical Cold Chain,230,1747,6086cc470b8a0b741a5d3c96f0e7321d3193352a5a851a7265f54ff9d709b67b
04-DELIVERY-PLAYBOOKS/scenarios/sanctions-screening.md,04-DELIVERY-PLAYBOOKS,Scenario — Sanctions and Restricted-Party Screening,157,1177,7452fd70a2543e7a20e4ca76fc7fea2b42f486d31091821da00f1a590d490233
04-DELIVERY-PLAYBOOKS/scenarios/trade-finance.md,04-DELIVERY-PLAYBOOKS,Scenario — Trade Finance and Settlement,162,1200,e46dbf90005078c0b1ad5df196bf00c4a7e11a0e9a1acc432d9c5a2e24790e8e
04-DELIVERY-PLAYBOOKS/standards/api-contract-standard.md,04-DELIVERY-PLAYBOOKS,GTOS API Contract Standard,252,2036,8a67eb51d06718c8f5e1192b7b6b5f8c4f202c87d265e59675ffc8598d29eb1b
04-DELIVERY-PLAYBOOKS/standards/conformance-assessment-standard.md,04-DELIVERY-PLAYBOOKS,Conformance Assessment Standard,142,1325,b0e3d5a7f7a3ebc09089185c4fd74015e398584a27fa18be5b48002a86620792
04-DELIVERY-PLAYBOOKS/standards/event-contract-standard.md,04-DELIVERY-PLAYBOOKS,GTOS Event Contract Standard,233,1813,b149dbc0a00278931599e7b1b9dd7313afd5c701ee3842e4b857c36f330e558b
04-DELIVERY-PLAYBOOKS/standards/financial-control-standard.md,04-DELIVERY-PLAYBOOKS,Financial Control Standard,168,1402,f4968e090fafb39f1853993c5230c120cafce91d48aa184d5d89fed496ab698c
04-DELIVERY-PLAYBOOKS/standards/index.md,04-DELIVERY-PLAYBOOKS,Cross-Cutting Standards,18,173,0092f3d23811d6ce55658479d6f3fc2a310d94421f26da7dd0aee03691694b61
04-DELIVERY-PLAYBOOKS/standards/jurisdiction-model.md,04-DELIVERY-PLAYBOOKS,Jurisdiction Model,166,1381,79b9ca09f4e76da0d99c24f982b37e1f3dcb5d9747f9e3b434aad75306482172
04-DELIVERY-PLAYBOOKS/standards/migration-standard.md,04-DELIVERY-PLAYBOOKS,Semantic Migration Standard,161,1375,fcc1985dad531a0aae991c10ceb69b833fd9ab88a31dc07ca50f3f48d5218761
04-DELIVERY-PLAYBOOKS/standards/observability-standard.md,04-DELIVERY-PLAYBOOKS,End-to-End Observability Standard,149,1244,09204e3695709c9ce81d9bd2901ae42170f231e760d768826c9c9ec4f5ca9e31
04-DELIVERY-PLAYBOOKS/standards/policy-standard.md,04-DELIVERY-PLAYBOOKS,GTOS Policy Standard,215,1724,5d40b109103d8baef43904e444bf0f32834b51d5a3a6280203fb190941bcd780
04-DELIVERY-PLAYBOOKS/standards/privacy-and-purpose-standard.md,04-DELIVERY-PLAYBOOKS,Privacy and Purpose Standard,178,1439,bc2f685d661e2585e25d45a276c138a43f396354d683c37c6fd4f474d668d335
04-DELIVERY-PLAYBOOKS/visual-atlas/index.md,04-DELIVERY-PLAYBOOKS,GTOS Visual Architecture Atlas,77,605,fb7d6568b17ec739ed004420c6fd4999249cf35f458326dd94dcf7764841d168
08-CURRENT-PROJECT-GAP-ANALYSIS/GTOS-Handbook-Batch-07-Audit-Canonicalization-Evidence-Wave-01/00-CONVERSATION-INTENT-REVIEW.md,08-CURRENT-PROJECT-GAP-ANALYSIS,Conversation Intent Review and Access Boundary,258,1912,767176f67ca47f87dd7f43326d95942ce20767b331b2cca9308091259311ebdf
08-CURRENT-PROJECT-GAP-ANALYSIS/GTOS-Handbook-Batch-07-Audit-Canonicalization-Evidence-Wave-01/01-FINAL-ARTIFACT-INVENTORY-AND-INTEGRITY.md,08-CURRENT-PROJECT-GAP-ANALYSIS,Final Artifact Inventory and Integrity Review,180,1348,d4718ac74c7a681e66fce089ddfb4899f98480ecfcead6727bd93c412407ac33
08-CURRENT-PROJECT-GAP-ANALYSIS/GTOS-Handbook-Batch-07-Audit-Canonicalization-Evidence-Wave-01/02-CONTENT-QUALITY-AUDIT.md,08-CURRENT-PROJECT-GAP-ANALYSIS,Content Quality Audit,180,1360,b331705d7729148dec5a6504848289b29213e7460ac421c088964d5ebfbf32b1
08-CURRENT-PROJECT-GAP-ANALYSIS/GTOS-Handbook-Batch-07-Audit-Canonicalization-Evidence-Wave-01/03-CLAIM-AND-EVIDENCE-AUDIT.md,08-CURRENT-PROJECT-GAP-ANALYSIS,Claim and Evidence Audit,155,1296,a9c19299ffd1cca0123b54bb45d15f596213b03687cbab5449f0cff29bf312c6
08-CURRENT-PROJECT-GAP-ANALYSIS/GTOS-Handbook-Batch-07-Audit-Canonicalization-Evidence-Wave-01/04-STRUCTURE-NUMBERING-AND-CANONICALIZATION.md,08-CURRENT-PROJECT-GAP-ANALYSIS,"Structure, Numbering, and Canonicalization Audit",130,1090,35c21a89570c654973d4c2d82929f0b1764af9bd8441070d548d780e88277715
08-CURRENT-PROJECT-GAP-ANALYSIS/GTOS-Handbook-Batch-07-Audit-Canonicalization-Evidence-Wave-01/05-PDF-XLSX-ZIP-AUDIT.md,08-CURRENT-PROJECT-GAP-ANALYSIS,"PDF, XLSX, and ZIP Audit",178,1206,5e620feaeb4b7433daa116784d70818b7afacf53c89ec10e6f787e2c140931ea
08-CURRENT-PROJECT-GAP-ANALYSIS/GTOS-Handbook-Batch-07-Audit-Canonicalization-Evidence-Wave-01/06-CRITICAL-FINDINGS-AND-ISSUE-REGISTER.md,08-CURRENT-PROJECT-GAP-ANALYSIS,Critical Findings and Issue Register,201,1592,19423f5cafaf83d085ebd3a7dfb35b260b38650f0635344f851ef4a04e0f4142
08-CURRENT-PROJECT-GAP-ANALYSIS/GTOS-Handbook-Batch-07-Audit-Canonicalization-Evidence-Wave-01/07-REMEDIATION-DECISIONS.md,08-CURRENT-PROJECT-GAP-ANALYSIS,Remediation Decisions,133,1021,fbac01b831b88f91077238c267c3da9f007bf81eb6e2c635f16a1661b8c6984f
08-CURRENT-PROJECT-GAP-ANALYSIS/GTOS-Handbook-Batch-07-Audit-Canonicalization-Evidence-Wave-01/08-EVIDENCE-WAVE-01-PROFORMA-INVOICE.md,08-CURRENT-PROJECT-GAP-ANALYSIS,Repository Evidence Wave 01 - Proforma Invoice,311,2805,62794c79457d7c50651320f2a87f4fcf1638970a343f8c772ab22ef42c8e38b9
08-CURRENT-PROJECT-GAP-ANALYSIS/GTOS-Handbook-Batch-07-Audit-Canonicalization-Evidence-Wave-01/09-EVIDENCE-WAVE-01-PAYMENT.md,08-CURRENT-PROJECT-GAP-ANALYSIS,Repository Evidence Wave 01 - Payment,322,2867,0132b49546a704b9a04a773a74ef5f7661e58b2c4cbba5f72fed4be48cb58ebb
08-CURRENT-PROJECT-GAP-ANALYSIS/GTOS-Handbook-Batch-07-Audit-Canonicalization-Evidence-Wave-01/10-EVIDENCE-WAVE-01-PURCHASE-ORDER.md,08-CURRENT-PROJECT-GAP-ANALYSIS,Repository Evidence Wave 01 - Purchase Order,351,3187,a8cfcfaa29be6a57c62a818792b38586e863af71e5e3b15096bb438506cca6bd
08-CURRENT-PROJECT-GAP-ANALYSIS/GTOS-Handbook-Batch-07-Audit-Canonicalization-Evidence-Wave-01/11-EVIDENCE-WAVE-01-MANUFACTURING.md,08-CURRENT-PROJECT-GAP-ANALYSIS,Repository Evidence Wave 01 - Manufacturing,302,2790,2572ec76954da1073f296d172d8547a5397e839cb6a5e29c34a284c8d5103dde
08-CURRENT-PROJECT-GAP-ANALYSIS/GTOS-Handbook-Batch-07-Audit-Canonicalization-Evidence-Wave-01/12-WAVE-01-TRACEABILITY-MATRIX.md,08-CURRENT-PROJECT-GAP-ANALYSIS,Evidence Wave 01 Traceability Matrix,147,1577,93912034e74ddbed199bbff70d4b6c326eeb3b48653b3c84573b3fbcfcfd1d23
08-CURRENT-PROJECT-GAP-ANALYSIS/GTOS-Handbook-Batch-07-Audit-Canonicalization-Evidence-Wave-01/13-NEXT-WAVE-PLAN.md,08-CURRENT-PROJECT-GAP-ANALYSIS,Next Repository Evidence Wave,83,680,58383ff4d975e23b7d050b530767af8081703fb30d29b554ab3bbfb18575b470
08-CURRENT-PROJECT-GAP-ANALYSIS/GTOS-Handbook-Batch-07-Audit-Canonicalization-Evidence-Wave-01/INTEGRITY-REPORT.md,08-CURRENT-PROJECT-GAP-ANALYSIS,Batch 07 Integrity Report,25,184,b4f35a0cc7ba04226743c2a7daf964eea2c77801d12595a2996ae0c515b9aa17
08-CURRENT-PROJECT-GAP-ANALYSIS/GTOS-Handbook-Batch-07-Audit-Canonicalization-Evidence-Wave-01/README.md,08-CURRENT-PROJECT-GAP-ANALYSIS,GTOS Handbook - Batch 07,86,654,d50004e2d3f7bea079db819b81b36a3fcfa0150ea174f94eca65458803a57024
08-CURRENT-PROJECT-GAP-ANALYSIS/GTOS-Handbook-Batch-08-Repository-Evidence-Wave-02/00-SCOPE-METHOD-AND-SNAPSHOT.md,08-CURRENT-PROJECT-GAP-ANALYSIS,"00 — Scope, Method, and Repository Snapshot",209,1953,d6538eeda2443edff9c81406bfcec18be12c80f0a11d10edde3ea0bfee347575
08-CURRENT-PROJECT-GAP-ANALYSIS/GTOS-Handbook-Batch-08-Repository-Evidence-Wave-02/01-QUALITY-INSPECTION-QC-HOLD-AND-RELEASE.md,08-CURRENT-PROJECT-GAP-ANALYSIS,"01 — Quality Inspection, QC Hold, and Release",469,4401,46530e904b2ab8b3f56f227488a58c51af87ea73b1eedab34e7395e5ec92ab20
08-CURRENT-PROJECT-GAP-ANALYSIS/GTOS-Handbook-Batch-08-Repository-Evidence-Wave-02/02-PACKING-LIST-AND-COMMERCIAL-INVOICE.md,08-CURRENT-PROJECT-GAP-ANALYSIS,02 — Packing List and Commercial Invoice,363,3197,f5d058f8211a563bf3ac937d2ed55860da2d2bc62d64ffdf5c66a1c2e8bf9512
08-CURRENT-PROJECT-GAP-ANALYSIS/GTOS-Handbook-Batch-08-Repository-Evidence-Wave-02/03-EXPORT-CUSTOMS-AND-LEGAL-RELEASE.md,08-CURRENT-PROJECT-GAP-ANALYSIS,03 — Export Customs and Legal Release,274,2470,bf35a883f5f97e5a1c9cac38d7ad709a527c5e4a340ad41389ee083af5c143b2
08-CURRENT-PROJECT-GAP-ANALYSIS/GTOS-Handbook-Batch-08-Repository-Evidence-Wave-02/04-IMPORT-CUSTOMS-DUTIES-AND-RELEASE.md,08-CURRENT-PROJECT-GAP-ANALYSIS,"04 — Import Customs, Duties, and Release",263,2446,90c9a68fe6c8b21dfe7aef6df9a6c5443a39dafd826c0c5060d2010ac03e9cf7
08-CURRENT-PROJECT-GAP-ANALYSIS/GTOS-Handbook-Batch-08-Repository-Evidence-Wave-02/05-TRANSPORT-BOOKING-HANDOVER-SHIPMENT-AND-TRACKING.md,08-CURRENT-PROJECT-GAP-ANALYSIS,"05 — Transport Booking, Handover, Shipment, and Tracking",366,3215,19a4062027819006399c81fd8c16eb83828940868f0b8ec6017dc96e9849df66
08-CURRENT-PROJECT-GAP-ANALYSIS/GTOS-Handbook-Batch-08-Repository-Evidence-Wave-02/06-WAREHOUSE-RECEIVING-AND-RECEIPT.md,08-CURRENT-PROJECT-GAP-ANALYSIS,06 — Warehouse Receiving and Receipt,275,2439,f89e6bf4002bfd98d2a0b1a17e014ab185499af0c5e1182b7ce496baf96406ac
08-CURRENT-PROJECT-GAP-ANALYSIS/GTOS-Handbook-Batch-08-Repository-Evidence-Wave-02/07-INVENTORY-SYNCHRONIZATION-RESERVATION-AND-QC.md,08-CURRENT-PROJECT-GAP-ANALYSIS,"07 — Inventory Synchronization, Reservation, and QC Disposition",318,2812,8f26e3b079c25bdb80f675b886a9391a70f98045c82adbbc9a0d7d6185279b97
08-CURRENT-PROJECT-GAP-ANALYSIS/GTOS-Handbook-Batch-08-Repository-Evidence-Wave-02/08-CROSS-DOMAIN-CONTRADICTIONS.md,08-CURRENT-PROJECT-GAP-ANALYSIS,08 — Cross-Domain Contradictions and Canonicalization Register,210,1821,7ea853a9afc8ca00fe368f91b81d6630e9a2c6ca9499922888df3406e9c8fbb2
08-CURRENT-PROJECT-GAP-ANALYSIS/GTOS-Handbook-Batch-08-Repository-Evidence-Wave-02/09-IMPLEMENTATION-STATUS-MATRIX.md,08-CURRENT-PROJECT-GAP-ANALYSIS,09 — Implementation Status Matrix,172,1715,fadddeb3109ad820f2814d21dea06fa099f38dc30a82937bb784a900630dd2da
08-CURRENT-PROJECT-GAP-ANALYSIS/GTOS-Handbook-Batch-08-Repository-Evidence-Wave-02/10-WAVE-02-ISSUE-REGISTER.md,08-CURRENT-PROJECT-GAP-ANALYSIS,10 — Wave 02 Issue Register,492,4089,15b710f2dbd7a9f819ee55467e87d1640ff30995af7cc021e6ca247be6a0925f
08-CURRENT-PROJECT-GAP-ANALYSIS/GTOS-Handbook-Batch-08-Repository-Evidence-Wave-02/11-WAVE-02-TRACEABILITY-MATRIX.md,08-CURRENT-PROJECT-GAP-ANALYSIS,11 — Wave 02 Traceability Matrix,370,4960,48550b272041310a6d870f2c44619d74b5f7452ca235dfefa1053b9de50e26f8
08-CURRENT-PROJECT-GAP-ANALYSIS/GTOS-Handbook-Batch-08-Repository-Evidence-Wave-02/12-REMEDIATION-AND-VERIFICATION-PLAN.md,08-CURRENT-PROJECT-GAP-ANALYSIS,12 — Remediation and Verification Plan,226,1928,96ed301dedfc33eafed6b4a06fb4422f978e564df9be6219b10fbb4763fca5cc
08-CURRENT-PROJECT-GAP-ANALYSIS/GTOS-Handbook-Batch-08-Repository-Evidence-Wave-02/13-NEXT-WAVE-PLAN.md,08-CURRENT-PROJECT-GAP-ANALYSIS,13 — Repository Evidence Wave 03 Plan,84,610,34fefc8ac453c2f338f1d3369bd2817dfc3c9a3711658a6110286e3320bdf364
08-CURRENT-PROJECT-GAP-ANALYSIS/GTOS-Handbook-Batch-08-Repository-Evidence-Wave-02/GTOS-BATCH-08-COMBINED.md,08-CURRENT-PROJECT-GAP-ANALYSIS,GTOS Batch 08 — Repository Evidence Wave 02 Combined Edition,4461,42264,154d9e3ff325e0fa71bbdddcdd25e8f964bc5e054bf44e229e1b81d9d5192cfa
08-CURRENT-PROJECT-GAP-ANALYSIS/GTOS-Handbook-Batch-08-Repository-Evidence-Wave-02/IMPLEMENTATION-STATUS-VOCABULARY.md,08-CURRENT-PROJECT-GAP-ANALYSIS,Implementation and Evidence Status Vocabulary,105,1181,7d67b3780a71749088f52231d32877297fc230c5d7d60847cd47174d7c1be56a
08-CURRENT-PROJECT-GAP-ANALYSIS/GTOS-Handbook-Batch-08-Repository-Evidence-Wave-02/INTEGRITY-REPORT.md,08-CURRENT-PROJECT-GAP-ANALYSIS,Integrity Report,79,768,1556c288754f939e6583aa176fe614b8d7e3a96be568690e7936cab8ec90a687
08-CURRENT-PROJECT-GAP-ANALYSIS/GTOS-Handbook-Batch-08-Repository-Evidence-Wave-02/README.md,08-CURRENT-PROJECT-GAP-ANALYSIS,GTOS Handbook — Batch 08,105,1025,83a964c4fb9a2c26ae8584af9bd1f13c87b356b8756cd1d82f4c0a9c434d4e8a
08-CURRENT-PROJECT-GAP-ANALYSIS/GTOS-Handbook-Batch-08-Repository-Evidence-Wave-02/RELEASE-REPORT.md,08-CURRENT-PROJECT-GAP-ANALYSIS,Batch 08 Release Report,100,913,2b5b62452d6ee6818b446f452e518d0a249a743b16be7ae9c7a58c74be83d0a0
08-CURRENT-PROJECT-GAP-ANALYSIS/GTOS-Handbook-Batch-09-Repository-Evidence-Wave-03/00-SCOPE-METHOD-AND-SNAPSHOT.md,08-CURRENT-PROJECT-GAP-ANALYSIS,"00 — Scope, Method, and Snapshot",193,1783,70786ae0f210ab6cf5ff1f4d42c9300579e62f1e709c3ffbff8732dee1b42707
08-CURRENT-PROJECT-GAP-ANALYSIS/GTOS-Handbook-Batch-09-Repository-Evidence-Wave-03/01-PRODUCT-CATALOG-MARKETPLACE-AND-OFFER.md,08-CURRENT-PROJECT-GAP-ANALYSIS,"01 — Product Catalog, Marketplace Catalog, and Offer",312,2957,6023972056215de870e17e264b6ad84f0deb67ae98c2c1ecbaa70c89bcfdea8e
08-CURRENT-PROJECT-GAP-ANALYSIS/GTOS-Handbook-Batch-09-Repository-Evidence-Wave-03/02-PRICING-PRICE-VERSION-AND-COMMERCIAL-SNAPSHOT.md,08-CURRENT-PROJECT-GAP-ANALYSIS,"02 — Pricing, Price Version, and Commercial Snapshot",223,2066,fc903aa7e42e4220bfcb0aa06d8499e23f38c9fb67aec0ad158145347bc07a11
08-CURRENT-PROJECT-GAP-ANALYSIS/GTOS-Handbook-Batch-09-Repository-Evidence-Wave-03/03-CART-CHECKOUT-AND-AI-INSIGHTS.md,08-CURRENT-PROJECT-GAP-ANALYSIS,"03 — Cart, Checkout, and AI Insights",333,2880,6fa9e2150bd08c26cca8057002aaf946b451855687b8ff123cc0b83203fa03f4
08-CURRENT-PROJECT-GAP-ANALYSIS/GTOS-Handbook-Batch-09-Repository-Evidence-Wave-03/04-CUSTOMER-ORDER-AND-WORKFLOW.md,08-CURRENT-PROJECT-GAP-ANALYSIS,04 — Customer Order and Workflow,282,2437,8c67c9935fa30a01df1d5a9a95da03049a6ff8522f98c9b5047cab533ac42756
08-CURRENT-PROJECT-GAP-ANALYSIS/GTOS-Handbook-Batch-09-Repository-Evidence-Wave-03/05-ALLOCATION-FULFILMENT-PICK-PACK-AND-LAST-MILE.md,08-CURRENT-PROJECT-GAP-ANALYSIS,"05 — Allocation, Fulfilment, Pick, Pack, and Last Mile",305,2761,44eb1f537deebcd78c624e00e39333a089e1ef2f14c34ca1b977cb55b79f113a
08-CURRENT-PROJECT-GAP-ANALYSIS/GTOS-Handbook-Batch-09-Repository-Evidence-Wave-03/06-RETURNS-INSPECTION-DISPUTES-AND-REFUND.md,08-CURRENT-PROJECT-GAP-ANALYSIS,"06 — Returns, Inspection, Disputes, and Refund",262,2303,9400fc6f8b00c436746d4d1583221eab362b6f8da4bef30c45d725e96103d175
08-CURRENT-PROJECT-GAP-ANALYSIS/GTOS-Handbook-Batch-09-Repository-Evidence-Wave-03/07-SETTLEMENT-RECONCILIATION-AND-PAYOUT.md,08-CURRENT-PROJECT-GAP-ANALYSIS,"07 — Settlement, Reconciliation, and Payout",262,2478,13126ba6265aa7fb02153040d0127a2a5ce8a4b524a3aaa2ae0109cc12b7f034
08-CURRENT-PROJECT-GAP-ANALYSIS/GTOS-Handbook-Batch-09-Repository-Evidence-Wave-03/08-ESG-SUSTAINABILITY-GOALS-AND-ASSURANCE.md,08-CURRENT-PROJECT-GAP-ANALYSIS,"08 — ESG, Sustainability Goals, and Assurance",216,2034,48086a26fb6693f8b9a1f19003793b6b071d86da8c06726726b14d2471fffcb4
08-CURRENT-PROJECT-GAP-ANALYSIS/GTOS-Handbook-Batch-09-Repository-Evidence-Wave-03/09-AI-EVALUATION-AND-GOVERNED-LEARNING.md,08-CURRENT-PROJECT-GAP-ANALYSIS,09 — AI Evaluation and Governed Learning,250,2126,4164b76b4866a7a0959a1bf08d8aa9e802992fe7a98c0ee1a12c9d676ad3dca5
08-CURRENT-PROJECT-GAP-ANALYSIS/GTOS-Handbook-Batch-09-Repository-Evidence-Wave-03/10-CROSS-DOMAIN-CONFLICTS-AND-CANONICALIZATION.md,08-CURRENT-PROJECT-GAP-ANALYSIS,10 — Cross-Domain Conflicts and Canonicalization,258,2193,3b4da6348bb6b360087dd20710abb6113d74f383726166a8b36c0c448f19a322
08-CURRENT-PROJECT-GAP-ANALYSIS/GTOS-Handbook-Batch-09-Repository-Evidence-Wave-03/11-IMPLEMENTATION-STATUS-MATRIX.md,08-CURRENT-PROJECT-GAP-ANALYSIS,11 — Implementation Status Matrix,178,2090,fa3a8f0183a86d29aaadbfe609544c08757a04471ac1d073cae0c999b2b20929
08-CURRENT-PROJECT-GAP-ANALYSIS/GTOS-Handbook-Batch-09-Repository-Evidence-Wave-03/12-WAVE-03-ISSUE-REGISTER.md,08-CURRENT-PROJECT-GAP-ANALYSIS,12 — Wave 03 Issue Register,1055,8701,73fd1e9496c54a7a693c1064d72be0204795d731f8ee4a6eb5f047ef6b8ecd96
08-CURRENT-PROJECT-GAP-ANALYSIS/GTOS-Handbook-Batch-09-Repository-Evidence-Wave-03/13-WAVE-03-TRACEABILITY-MATRIX.md,08-CURRENT-PROJECT-GAP-ANALYSIS,13 — Wave 03 Traceability Matrix,589,7844,c200944a2a0eb158e1eba66fd4a7a871d51dc63ae47a028fe448337e31ee7674
08-CURRENT-PROJECT-GAP-ANALYSIS/GTOS-Handbook-Batch-09-Repository-Evidence-Wave-03/14-REMEDIATION-AND-VERIFICATION-PLAN.md,08-CURRENT-PROJECT-GAP-ANALYSIS,14 — Remediation and Verification Plan,268,2114,917b8677aaa23fcfd3c54e423c96956a31081f5892ace0e3b8b6534b15a7db16
08-CURRENT-PROJECT-GAP-ANALYSIS/GTOS-Handbook-Batch-09-Repository-Evidence-Wave-03/15-NEXT-WAVE-PLAN.md,08-CURRENT-PROJECT-GAP-ANALYSIS,15 — Repository Evidence Wave 04 Plan,96,733,6f2ba2cde13ecf5d61947d4098821f1bc3f797fdd1eef973f27cc966723b62ff
08-CURRENT-PROJECT-GAP-ANALYSIS/GTOS-Handbook-Batch-09-Repository-Evidence-Wave-03/GTOS-BATCH-09-COMBINED.md,08-CURRENT-PROJECT-GAP-ANALYSIS,GTOS Batch 09 — Repository Evidence Wave 03 Combined Edition,5486,51905,9154add7afe6ed31c5e23b681b9895ed11887d026778c629a2dc9bdd7676d473
08-CURRENT-PROJECT-GAP-ANALYSIS/GTOS-Handbook-Batch-09-Repository-Evidence-Wave-03/IMPLEMENTATION-STATUS-VOCABULARY.md,08-CURRENT-PROJECT-GAP-ANALYSIS,Implementation and Evidence Status Vocabulary,101,1070,ca5a629f25101bd44f569d07edcab2c8edb2120f578e1d0f7cfaef765d11ea9f
08-CURRENT-PROJECT-GAP-ANALYSIS/GTOS-Handbook-Batch-09-Repository-Evidence-Wave-03/INTEGRITY-REPORT.md,08-CURRENT-PROJECT-GAP-ANALYSIS,Integrity Report,82,831,14941db0834c50ebc282758930f32ce2ad05202b2bd06c8dc47ee9a829041abe
08-CURRENT-PROJECT-GAP-ANALYSIS/GTOS-Handbook-Batch-09-Repository-Evidence-Wave-03/README.md,08-CURRENT-PROJECT-GAP-ANALYSIS,GTOS Handbook — Batch 09,95,925,c18634dab636ff61ae8447997fb2f04f1b43b30ce976f31428a963ffd36a5fcb
08-CURRENT-PROJECT-GAP-ANALYSIS/GTOS-Handbook-Batch-09-Repository-Evidence-Wave-03/RELEASE-REPORT.md,08-CURRENT-PROJECT-GAP-ANALYSIS,Batch 09 Release Report,142,1172,16adc0dcb8bc1238d82847ad87eae0922cb144278f3fe2aff6148999b695461f
